LocalSeq,UnitStatement,SourceRef,ContentHash,InOutStatus,SectionID,DispatchUnitID,Corrects,Notes
1,The deliverable-consistency skill is used with the generic TASK shell.,@repo/skills/deliverable-consistency/BRIEF_SCHEMA.md:L3|domains/chirality/_Decomposition/source_review_html/SRC-SKILLPACK-DELIVERABLE-CONSISTENCY.html#SEC-SKP009-0003,5c6a79248c09,IN,SEC-SKP009-0003,UNIT-SKP009-0001,,
2,A deliverable-consistency brief requires ScopePath.,@repo/skills/deliverable-consistency/BRIEF_SCHEMA.md:L40|domains/chirality/_Decomposition/source_review_html/SRC-SKILLPACK-DELIVERABLE-CONSISTENCY.html#SEC-SKP009-0004,12660c4d76a8,IN,SEC-SKP009-0004,UNIT-SKP009-0001,,
3,A deliverable-consistency brief requires TaskSkill: deliverable-consistency.,@repo/skills/deliverable-consistency/BRIEF_SCHEMA.md:L41|domains/chirality/_Decomposition/source_review_html/SRC-SKILLPACK-DELIVERABLE-CONSISTENCY.html#SEC-SKP009-0004,44561fa106f4,IN,SEC-SKP009-0004,UNIT-SKP009-0001,,
4,A deliverable-consistency brief requires RuntimeOverrides.DELIVERABLE_PATH.,@repo/skills/deliverable-consistency/BRIEF_SCHEMA.md:L42|domains/chirality/_Decomposition/source_review_html/SRC-SKILLPACK-DELIVERABLE-CONSISTENCY.html#SEC-SKP009-0004,ef2919403af7,IN,SEC-SKP009-0004,UNIT-SKP009-0001,,
5,A deliverable-consistency task can perform a contradiction sweep.,@repo/skills/deliverable-consistency/BRIEF_SCHEMA.md:L46|domains/chirality/_Decomposition/source_review_html/SRC-SKILLPACK-DELIVERABLE-CONSISTENCY.html#SEC-SKP009-0005,590dc9293219,IN,SEC-SKP009-0005,UNIT-SKP009-0001,,
6,"A deliverable-consistency task can review unresolved TBD, ASSUMPTION, and CONFLICT markers.",@repo/skills/deliverable-consistency/BRIEF_SCHEMA.md:L47|domains/chirality/_Decomposition/source_review_html/SRC-SKILLPACK-DELIVERABLE-CONSISTENCY.html#SEC-SKP009-0005,425de7282149,IN,SEC-SKP009-0005,UNIT-SKP009-0001,,
7,A deliverable-consistency task can propose identity normalization.,@repo/skills/deliverable-consistency/BRIEF_SCHEMA.md:L48|domains/chirality/_Decomposition/source_review_html/SRC-SKILLPACK-DELIVERABLE-CONSISTENCY.html#SEC-SKP009-0005,040f118c5c92,IN,SEC-SKP009-0005,UNIT-SKP009-0001,,
8,A deliverable-consistency task can review source and evidence completeness.,@repo/skills/deliverable-consistency/BRIEF_SCHEMA.md:L49|domains/chirality/_Decomposition/source_review_html/SRC-SKILLPACK-DELIVERABLE-CONSISTENCY.html#SEC-SKP009-0005,0774bc004c41,IN,SEC-SKP009-0005,UNIT-SKP009-0001,,
9,ApplyEdits: false is the normal safe default for deliverable-consistency.,@repo/skills/deliverable-consistency/BRIEF_SCHEMA.md:L53|domains/chirality/_Decomposition/source_review_html/SRC-SKILLPACK-DELIVERABLE-CONSISTENCY.html#SEC-SKP009-0006,2d260892314e,IN,SEC-SKP009-0006,UNIT-SKP009-0001,,
10,ApplyEdits: true should be used only for clearly desired minimal corrections with authorized writable targets.,@repo/skills/deliverable-consistency/BRIEF_SCHEMA.md:L54|domains/chirality/_Decomposition/source_review_html/SRC-SKILLPACK-DELIVERABLE-CONSISTENCY.html#SEC-SKP009-0006,3f8a871b4403,IN,SEC-SKP009-0006,UNIT-SKP009-0001,,
11,A valid deliverable-consistency run requires the deliverable path to exist.,@repo/skills/deliverable-consistency/QA_CHECKS.md:L5|domains/chirality/_Decomposition/source_review_html/SRC-SKILLPACK-DELIVERABLE-CONSISTENCY.html#SEC-SKP009-0008,da2f9721d322,IN,SEC-SKP009-0008,UNIT-SKP009-0001,,
12,The deterministic scan must complete unless tool use was explicitly excluded.,@repo/skills/deliverable-consistency/QA_CHECKS.md:L6|domains/chirality/_Decomposition/source_review_html/SRC-SKILLPACK-DELIVERABLE-CONSISTENCY.html#SEC-SKP009-0008,c1b0ed1b74cd,IN,SEC-SKP009-0008,UNIT-SKP009-0001,,
13,Deliverable-consistency findings must reference only files inside the deliverable.,@repo/skills/deliverable-consistency/QA_CHECKS.md:L7|domains/chirality/_Decomposition/source_review_html/SRC-SKILLPACK-DELIVERABLE-CONSISTENCY.html#SEC-SKP009-0008,c884558c09ad,IN,SEC-SKP009-0008,UNIT-SKP009-0001,,
14,Each significant deliverable-consistency finding must include a best-effort evidence location.,@repo/skills/deliverable-consistency/QA_CHECKS.md:L8|domains/chirality/_Decomposition/source_review_html/SRC-SKILLPACK-DELIVERABLE-CONSISTENCY.html#SEC-SKP009-0008,c7c531c5013c,IN,SEC-SKP009-0008,UNIT-SKP009-0001,,
15,Contradictions must be surfaced as rulings-needed items rather than silently resolved.,@repo/skills/deliverable-consistency/QA_CHECKS.md:L9|domains/chirality/_Decomposition/source_review_html/SRC-SKILLPACK-DELIVERABLE-CONSISTENCY.html#SEC-SKP009-0008,02010e175af3,IN,SEC-SKP009-0008,UNIT-SKP009-0001,,
16,Applied edits must be limited to files authorized by the effective bounded task brief.,@repo/skills/deliverable-consistency/QA_CHECKS.md:L10|domains/chirality/_Decomposition/source_review_html/SRC-SKILLPACK-DELIVERABLE-CONSISTENCY.html#SEC-SKP009-0008,e70b64657156,IN,SEC-SKP009-0008,UNIT-SKP009-0001,,
17,MEMORY.md may capture durable decisions or accepted proposals only when the brief authorizes that update.,@repo/skills/deliverable-consistency/QA_CHECKS.md:L11|domains/chirality/_Decomposition/source_review_html/SRC-SKILLPACK-DELIVERABLE-CONSISTENCY.html#SEC-SKP009-0008,56cda8350ddd,IN,SEC-SKP009-0008,UNIT-SKP009-0001,,
18,Recommended deliverable-consistency reporting groups include identity mismatch findings.,@repo/skills/deliverable-consistency/QA_CHECKS.md:L15|domains/chirality/_Decomposition/source_review_html/SRC-SKILLPACK-DELIVERABLE-CONSISTENCY.html#SEC-SKP009-0008,bc62dc316deb,IN,SEC-SKP009-0008,UNIT-SKP009-0001,,
19,Recommended deliverable-consistency reporting groups include unresolved marker findings.,@repo/skills/deliverable-consistency/QA_CHECKS.md:L16|domains/chirality/_Decomposition/source_review_html/SRC-SKILLPACK-DELIVERABLE-CONSISTENCY.html#SEC-SKP009-0008,ed052091b357,IN,SEC-SKP009-0008,UNIT-SKP009-0001,,
20,Recommended deliverable-consistency reporting groups include contradiction findings.,@repo/skills/deliverable-consistency/QA_CHECKS.md:L17|domains/chirality/_Decomposition/source_review_html/SRC-SKILLPACK-DELIVERABLE-CONSISTENCY.html#SEC-SKP009-0008,8e9acf502444,IN,SEC-SKP009-0008,UNIT-SKP009-0001,,
21,Recommended deliverable-consistency reporting groups include unsourced numeric parameter findings.,@repo/skills/deliverable-consistency/QA_CHECKS.md:L18|domains/chirality/_Decomposition/source_review_html/SRC-SKILLPACK-DELIVERABLE-CONSISTENCY.html#SEC-SKP009-0008,c2cbe8edadd8,IN,SEC-SKP009-0008,UNIT-SKP009-0001,,
22,Recommended deliverable-consistency reporting groups include missing artifact and missing reference findings.,@repo/skills/deliverable-consistency/QA_CHECKS.md:L19|domains/chirality/_Decomposition/source_review_html/SRC-SKILLPACK-DELIVERABLE-CONSISTENCY.html#SEC-SKP009-0008,456e5f85a891,IN,SEC-SKP009-0008,UNIT-SKP009-0001,,
23,A no-findings success case must explicitly state that no material consistency findings were discovered in scope.,@repo/skills/deliverable-consistency/QA_CHECKS.md:L23|domains/chirality/_Decomposition/source_review_html/SRC-SKILLPACK-DELIVERABLE-CONSISTENCY.html#SEC-SKP009-0008,8c6a54087d2b,IN,SEC-SKP009-0008,UNIT-SKP009-0001,,
24,A no-findings success case should mention residual risk if references are sparse or artifacts are missing.,@repo/skills/deliverable-consistency/QA_CHECKS.md:L24|domains/chirality/_Decomposition/source_review_html/SRC-SKILLPACK-DELIVERABLE-CONSISTENCY.html#SEC-SKP009-0008,1e6d1ef1a4fd,IN,SEC-SKP009-0008,UNIT-SKP009-0001,,
25,The deliverable-consistency skill runs a deliverable-local consistency sweep across production documents in one deliverable.,@repo/skills/deliverable-consistency/SKILL.md:L15|domains/chirality/_Decomposition/source_review_html/SRC-SKILLPACK-DELIVERABLE-CONSISTENCY.html#SEC-SKP009-0011,040c0d45be86,IN,SEC-SKP009-0011,UNIT-SKP009-0001,,
26,The deliverable-consistency skill works with generic TASK briefs that identify exactly one deliverable folder.,@repo/skills/deliverable-consistency/SKILL.md:L17|domains/chirality/_Decomposition/source_review_html/SRC-SKILLPACK-DELIVERABLE-CONSISTENCY.html#SEC-SKP009-0011,10b96ebd3467,IN,SEC-SKP009-0011,UNIT-SKP009-0001,,
27,The deliverable-consistency skill helps surface contradictions.,@repo/skills/deliverable-consistency/SKILL.md:L20|domains/chirality/_Decomposition/source_review_html/SRC-SKILLPACK-DELIVERABLE-CONSISTENCY.html#SEC-SKP009-0011,f1d15a1ec0bc,IN,SEC-SKP009-0011,UNIT-SKP009-0001,,
28,"The deliverable-consistency skill helps find unresolved TBD, ASSUMPTION, and CONFLICT markers.",@repo/skills/deliverable-consistency/SKILL.md:L21|domains/chirality/_Decomposition/source_review_html/SRC-SKILLPACK-DELIVERABLE-CONSISTENCY.html#SEC-SKP009-0011,42d81078ff76,IN,SEC-SKP009-0011,UNIT-SKP009-0001,,
29,The deliverable-consistency skill helps identify unsourced numeric parameters.,@repo/skills/deliverable-consistency/SKILL.md:L22|domains/chirality/_Decomposition/source_review_html/SRC-SKILLPACK-DELIVERABLE-CONSISTENCY.html#SEC-SKP009-0011,3d01bc1d07f4,IN,SEC-SKP009-0011,UNIT-SKP009-0001,,
30,The deliverable-consistency skill helps spot identity mismatches across the document set.,@repo/skills/deliverable-consistency/SKILL.md:L23|domains/chirality/_Decomposition/source_review_html/SRC-SKILLPACK-DELIVERABLE-CONSISTENCY.html#SEC-SKP009-0011,f91a26183090,IN,SEC-SKP009-0011,UNIT-SKP009-0001,,
31,The deliverable-consistency skill helps propose minimal corrective edits when authorized.,@repo/skills/deliverable-consistency/SKILL.md:L24|domains/chirality/_Decomposition/source_review_html/SRC-SKILLPACK-DELIVERABLE-CONSISTENCY.html#SEC-SKP009-0011,6cf681080ef8,IN,SEC-SKP009-0011,UNIT-SKP009-0001,,
32,The suitable shell for deliverable-consistency is TASK in generic shell mode with no profile.,@repo/skills/deliverable-consistency/SKILL.md:L28|domains/chirality/_Decomposition/source_review_html/SRC-SKILLPACK-DELIVERABLE-CONSISTENCY.html#SEC-SKP009-0012,c2fa77bee8a5,IN,SEC-SKP009-0012,UNIT-SKP009-0001,,
33,The deliverable-consistency skill requires ScopePath.,@repo/skills/deliverable-consistency/SKILL.md:L34|domains/chirality/_Decomposition/source_review_html/SRC-SKILLPACK-DELIVERABLE-CONSISTENCY.html#SEC-SKP009-0014,fac0301608e1,IN,SEC-SKP009-0014,UNIT-SKP009-0001,,
34,The deliverable-consistency skill requires RuntimeOverrides.DELIVERABLE_PATH.,@repo/skills/deliverable-consistency/SKILL.md:L35|domains/chirality/_Decomposition/source_review_html/SRC-SKILLPACK-DELIVERABLE-CONSISTENCY.html#SEC-SKP009-0014,ee9dab55cbe1,IN,SEC-SKP009-0014,UNIT-SKP009-0001,,
35,Tasks is an optional deliverable-consistency input.,@repo/skills/deliverable-consistency/SKILL.md:L39|domains/chirality/_Decomposition/source_review_html/SRC-SKILLPACK-DELIVERABLE-CONSISTENCY.html#SEC-SKP009-0015,df5f7155ef5c,IN,SEC-SKP009-0015,UNIT-SKP009-0001,,
36,RuntimeOverrides.FocusDocs is an optional deliverable-consistency input.,@repo/skills/deliverable-consistency/SKILL.md:L40|domains/chirality/_Decomposition/source_review_html/SRC-SKILLPACK-DELIVERABLE-CONSISTENCY.html#SEC-SKP009-0015,9d29cbd31ff3,IN,SEC-SKP009-0015,UNIT-SKP009-0001,,
37,RuntimeOverrides.Strictness is an optional deliverable-consistency input.,@repo/skills/deliverable-consistency/SKILL.md:L41|domains/chirality/_Decomposition/source_review_html/SRC-SKILLPACK-DELIVERABLE-CONSISTENCY.html#SEC-SKP009-0015,7314fc22335a,IN,SEC-SKP009-0015,UNIT-SKP009-0001,,
38,RuntimeOverrides.MaxFindings is an optional deliverable-consistency input.,@repo/skills/deliverable-consistency/SKILL.md:L42|domains/chirality/_Decomposition/source_review_html/SRC-SKILLPACK-DELIVERABLE-CONSISTENCY.html#SEC-SKP009-0015,86ffa607f36b,IN,SEC-SKP009-0015,UNIT-SKP009-0001,,
39,RuntimeOverrides.CheckIdentity is an optional deliverable-consistency input.,@repo/skills/deliverable-consistency/SKILL.md:L43|domains/chirality/_Decomposition/source_review_html/SRC-SKILLPACK-DELIVERABLE-CONSISTENCY.html#SEC-SKP009-0015,593c95d2f66d,IN,SEC-SKP009-0015,UNIT-SKP009-0001,,
40,RuntimeOverrides.CheckUnsourcedNumerics is an optional deliverable-consistency input.,@repo/skills/deliverable-consistency/SKILL.md:L44|domains/chirality/_Decomposition/source_review_html/SRC-SKILLPACK-DELIVERABLE-CONSISTENCY.html#SEC-SKP009-0015,2be615010c3d,IN,SEC-SKP009-0015,UNIT-SKP009-0001,,
41,FocusDocs limits the sweep to named production documents and defaults to all production documents.,@repo/skills/deliverable-consistency/SKILL.md:L50|domains/chirality/_Decomposition/source_review_html/SRC-SKILLPACK-DELIVERABLE-CONSISTENCY.html#SEC-SKP009-0016,2b847f47fa66,IN,SEC-SKP009-0016,UNIT-SKP009-0001,,
42,Strictness accepts conservative or aggressive finding posture and defaults to conservative.,@repo/skills/deliverable-consistency/SKILL.md:L51|domains/chirality/_Decomposition/source_review_html/SRC-SKILLPACK-DELIVERABLE-CONSISTENCY.html#SEC-SKP009-0016,8f54b49b2dcf,IN,SEC-SKP009-0016,UNIT-SKP009-0001,,
43,MaxFindings is a soft cap on reported findings and defaults to 10.,@repo/skills/deliverable-consistency/SKILL.md:L52|domains/chirality/_Decomposition/source_review_html/SRC-SKILLPACK-DELIVERABLE-CONSISTENCY.html#SEC-SKP009-0016,bb4eec131409,IN,SEC-SKP009-0016,UNIT-SKP009-0001,,
44,CheckIdentity checks folder and document naming consistency and defaults to true.,@repo/skills/deliverable-consistency/SKILL.md:L53|domains/chirality/_Decomposition/source_review_html/SRC-SKILLPACK-DELIVERABLE-CONSISTENCY.html#SEC-SKP009-0016,d7e6ab790081,IN,SEC-SKP009-0016,UNIT-SKP009-0001,,
45,CheckUnsourcedNumerics flags numeric statements needing evidence review and defaults to true.,@repo/skills/deliverable-consistency/SKILL.md:L54|domains/chirality/_Decomposition/source_review_html/SRC-SKILLPACK-DELIVERABLE-CONSISTENCY.html#SEC-SKP009-0016,a7585707836e,IN,SEC-SKP009-0016,UNIT-SKP009-0001,,
46,The preferred deterministic helper is tools/validation/scan_deliverable_consistency.py.,@repo/skills/deliverable-consistency/SKILL.md:L59|domains/chirality/_Decomposition/source_review_html/SRC-SKILLPACK-DELIVERABLE-CONSISTENCY.html#SEC-SKP009-0017,91894b88dcf6,IN,SEC-SKP009-0017,UNIT-SKP009-0001,,
47,The preferred deliverable-consistency method runs the deterministic scan first.,@repo/skills/deliverable-consistency/SKILL.md:L62|domains/chirality/_Decomposition/source_review_html/SRC-SKILLPACK-DELIVERABLE-CONSISTENCY.html#SEC-SKP009-0017,77c268a69fe2,IN,SEC-SKP009-0017,UNIT-SKP009-0001,,
48,The preferred deliverable-consistency method reads only flagged deliverable-local files and nearby context.,@repo/skills/deliverable-consistency/SKILL.md:L63|domains/chirality/_Decomposition/source_review_html/SRC-SKILLPACK-DELIVERABLE-CONSISTENCY.html#SEC-SKP009-0017,3b3a9a39f416,IN,SEC-SKP009-0017,UNIT-SKP009-0001,,
49,The preferred deliverable-consistency method compares files directly where the deterministic scan cannot decide.,@repo/skills/deliverable-consistency/SKILL.md:L64|domains/chirality/_Decomposition/source_review_html/SRC-SKILLPACK-DELIVERABLE-CONSISTENCY.html#SEC-SKP009-0017,749665fe4a72,IN,SEC-SKP009-0017,UNIT-SKP009-0001,,
50,Deliverable-consistency output should be recommendation-first unless edits are explicitly authorized.,@repo/skills/deliverable-consistency/SKILL.md:L65|domains/chirality/_Decomposition/source_review_html/SRC-SKILLPACK-DELIVERABLE-CONSISTENCY.html#SEC-SKP009-0017,266ff1db3de6,IN,SEC-SKP009-0017,UNIT-SKP009-0001,,
51,The deliverable-consistency task must not widen scope beyond the single deliverable.,@repo/skills/deliverable-consistency/SKILL.md:L68|domains/chirality/_Decomposition/source_review_html/SRC-SKILLPACK-DELIVERABLE-CONSISTENCY.html#SEC-SKP009-0017,a100ea2723e2,IN,SEC-SKP009-0017,UNIT-SKP009-0001,,
52,The deliverable-consistency task must not edit outside the effective bounded task brief write authorization.,@repo/skills/deliverable-consistency/SKILL.md:L69|domains/chirality/_Decomposition/source_review_html/SRC-SKILLPACK-DELIVERABLE-CONSISTENCY.html#SEC-SKP009-0017,4d6fe70711b4,IN,SEC-SKP009-0017,UNIT-SKP009-0001,,
53,The deliverable-consistency task must not silently resolve conflicts.,@repo/skills/deliverable-consistency/SKILL.md:L70|domains/chirality/_Decomposition/source_review_html/SRC-SKILLPACK-DELIVERABLE-CONSISTENCY.html#SEC-SKP009-0017,20e2033dd84a,IN,SEC-SKP009-0017,UNIT-SKP009-0001,,
54,Deliverable-consistency outputs include PROPOSAL blocks for consistency issues.,@repo/skills/deliverable-consistency/SKILL.md:L74|domains/chirality/_Decomposition/source_review_html/SRC-SKILLPACK-DELIVERABLE-CONSISTENCY.html#SEC-SKP009-0018,0a1f80d4319a,IN,SEC-SKP009-0018,UNIT-SKP009-0001,,
55,Deliverable-consistency outputs include MISSING items where files or references are absent.,@repo/skills/deliverable-consistency/SKILL.md:L75|domains/chirality/_Decomposition/source_review_html/SRC-SKILLPACK-DELIVERABLE-CONSISTENCY.html#SEC-SKP009-0018,800c6290f276,IN,SEC-SKP009-0018,UNIT-SKP009-0001,,
56,Deliverable-consistency outputs include NEEDS_HUMAN_RULING items for true contradictions.,@repo/skills/deliverable-consistency/SKILL.md:L76|domains/chirality/_Decomposition/source_review_html/SRC-SKILLPACK-DELIVERABLE-CONSISTENCY.html#SEC-SKP009-0018,8fcffe709863,IN,SEC-SKP009-0018,UNIT-SKP009-0001,,
57,Deliverable-consistency outputs may include applied minimal edits only if ApplyEdits is true.,@repo/skills/deliverable-consistency/SKILL.md:L77|domains/chirality/_Decomposition/source_review_html/SRC-SKILLPACK-DELIVERABLE-CONSISTENCY.html#SEC-SKP009-0018,5be333bdeb81,IN,SEC-SKP009-0018,UNIT-SKP009-0001,,
58,Deliverable-consistency outputs may include a MEMORY.md update only when the brief explicitly authorizes it.,@repo/skills/deliverable-consistency/SKILL.md:L78|domains/chirality/_Decomposition/source_review_html/SRC-SKILLPACK-DELIVERABLE-CONSISTENCY.html#SEC-SKP009-0018,a5c60b09868b,IN,SEC-SKP009-0018,UNIT-SKP009-0001,,
59,Every deliverable-consistency finding must cite a file and best-effort section or heading.,@repo/skills/deliverable-consistency/SKILL.md:L82|domains/chirality/_Decomposition/source_review_html/SRC-SKILLPACK-DELIVERABLE-CONSISTENCY.html#SEC-SKP009-0019,f00450392d5d,IN,SEC-SKP009-0019,UNIT-SKP009-0001,,
60,Unknowns must remain TBD.,@repo/skills/deliverable-consistency/SKILL.md:L83|domains/chirality/_Decomposition/source_review_html/SRC-SKILLPACK-DELIVERABLE-CONSISTENCY.html#SEC-SKP009-0019,58206fa903a1,IN,SEC-SKP009-0019,UNIT-SKP009-0001,,
61,Conflicts must be surfaced rather than silently reconciled.,@repo/skills/deliverable-consistency/SKILL.md:L84|domains/chirality/_Decomposition/source_review_html/SRC-SKILLPACK-DELIVERABLE-CONSISTENCY.html#SEC-SKP009-0019,a2420f0d0e44,IN,SEC-SKP009-0019,UNIT-SKP009-0001,,
62,Proposed deliverable-consistency edits should be minimal and reversible.,@repo/skills/deliverable-consistency/SKILL.md:L85|domains/chirality/_Decomposition/source_review_html/SRC-SKILLPACK-DELIVERABLE-CONSISTENCY.html#SEC-SKP009-0019,34ddd127bbcd,IN,SEC-SKP009-0019,UNIT-SKP009-0001,,
63,Deliverable-consistency findings must be scoped to one deliverable.,@repo/skills/deliverable-consistency/SKILL.md:L89|domains/chirality/_Decomposition/source_review_html/SRC-SKILLPACK-DELIVERABLE-CONSISTENCY.html#SEC-SKP009-0020,2d112a2eb9ef,IN,SEC-SKP009-0020,UNIT-SKP009-0001,,
64,The deterministic scan should run first unless the brief explicitly forbids tool use.,@repo/skills/deliverable-consistency/SKILL.md:L90|domains/chirality/_Decomposition/source_review_html/SRC-SKILLPACK-DELIVERABLE-CONSISTENCY.html#SEC-SKP009-0020,b8461716b7d4,IN,SEC-SKP009-0020,UNIT-SKP009-0001,,
65,Deliverable-consistency findings should be grouped by issue type where practical.,@repo/skills/deliverable-consistency/SKILL.md:L91|domains/chirality/_Decomposition/source_review_html/SRC-SKILLPACK-DELIVERABLE-CONSISTENCY.html#SEC-SKP009-0020,0e9b1645f265,IN,SEC-SKP009-0020,UNIT-SKP009-0001,,
66,Identity mismatches and unresolved markers must be explicitly reported when found.,@repo/skills/deliverable-consistency/SKILL.md:L92|domains/chirality/_Decomposition/source_review_html/SRC-SKILLPACK-DELIVERABLE-CONSISTENCY.html#SEC-SKP009-0020,8179d696d0ff,IN,SEC-SKP009-0020,UNIT-SKP009-0001,,
67,A deliverable-consistency run with no meaningful issues should say so explicitly rather than padding output.,@repo/skills/deliverable-consistency/SKILL.md:L93|domains/chirality/_Decomposition/source_review_html/SRC-SKILLPACK-DELIVERABLE-CONSISTENCY.html#SEC-SKP009-0020,e25cfc612dfe,IN,SEC-SKP009-0020,UNIT-SKP009-0001,,
68,The deliverable-consistency tool policy is tool-first for the initial sweep and reasoning-first for adjudication.,@repo/skills/deliverable-consistency/TOOL_POLICY.md:L5|domains/chirality/_Decomposition/source_review_html/SRC-SKILLPACK-DELIVERABLE-CONSISTENCY.html#SEC-SKP009-0023,fab53e090d07,IN,SEC-SKP009-0023,UNIT-SKP009-0001,,
69,The preferred tool order starts by running tools/validation/scan_deliverable_consistency.py against the deliverable.,@repo/skills/deliverable-consistency/TOOL_POLICY.md:L7|domains/chirality/_Decomposition/source_review_html/SRC-SKILLPACK-DELIVERABLE-CONSISTENCY.html#SEC-SKP009-0023,3852fb8ae808,IN,SEC-SKP009-0023,UNIT-SKP009-0001,,
70,The preferred tool order then reads flagged production documents and nearby context.,@repo/skills/deliverable-consistency/TOOL_POLICY.md:L8|domains/chirality/_Decomposition/source_review_html/SRC-SKILLPACK-DELIVERABLE-CONSISTENCY.html#SEC-SKP009-0023,16cfd81bb067,IN,SEC-SKP009-0023,UNIT-SKP009-0001,,
71,The preferred tool order then compares files directly where the scan surfaces a plausible inconsistency.,@repo/skills/deliverable-consistency/TOOL_POLICY.md:L9|domains/chirality/_Decomposition/source_review_html/SRC-SKILLPACK-DELIVERABLE-CONSISTENCY.html#SEC-SKP009-0023,39ecf7b5c8ec,IN,SEC-SKP009-0023,UNIT-SKP009-0001,,
72,The preferred tool order then emits evidence-backed proposals.,@repo/skills/deliverable-consistency/TOOL_POLICY.md:L10|domains/chirality/_Decomposition/source_review_html/SRC-SKILLPACK-DELIVERABLE-CONSISTENCY.html#SEC-SKP009-0023,300f9b4626e5,IN,SEC-SKP009-0023,UNIT-SKP009-0001,,
73,The preferred tool order applies minimal edits only if authorized.,@repo/skills/deliverable-consistency/TOOL_POLICY.md:L11|domains/chirality/_Decomposition/source_review_html/SRC-SKILLPACK-DELIVERABLE-CONSISTENCY.html#SEC-SKP009-0023,c9760c3948f1,IN,SEC-SKP009-0023,UNIT-SKP009-0001,,
74,"The normal scan invocation is python3 tools/validation/scan_deliverable_consistency.py ""$DELIVERABLE_PATH"".",@repo/skills/deliverable-consistency/TOOL_POLICY.md:L16|domains/chirality/_Decomposition/source_review_html/SRC-SKILLPACK-DELIVERABLE-CONSISTENCY.html#SEC-SKP009-0023,dc89f0abdfde,IN,SEC-SKP009-0023,UNIT-SKP009-0001,,
75,Optional scan flags should be used only when the brief calls for them.,@repo/skills/deliverable-consistency/TOOL_POLICY.md:L19|domains/chirality/_Decomposition/source_review_html/SRC-SKILLPACK-DELIVERABLE-CONSISTENCY.html#SEC-SKP009-0023,4424f793c400,IN,SEC-SKP009-0023,UNIT-SKP009-0001,,
76,The TASK-enforced allowed tool is python3 tools/validation/scan_deliverable_consistency.py:*.,@repo/skills/deliverable-consistency/TOOL_POLICY.md:L26|domains/chirality/_Decomposition/source_review_html/SRC-SKILLPACK-DELIVERABLE-CONSISTENCY.html#SEC-SKP009-0025,0b8ca5971624,IN,SEC-SKP009-0025,UNIT-SKP009-0001,,
77,No additional operational helpers are declared beyond the TASK-enforced scanner.,@repo/skills/deliverable-consistency/TOOL_POLICY.md:L31|domains/chirality/_Decomposition/source_review_html/SRC-SKILLPACK-DELIVERABLE-CONSISTENCY.html#SEC-SKP009-0026,4a174decceb9,IN,SEC-SKP009-0026,UNIT-SKP009-0001,,
78,"The deterministic scan is a first-pass detector, not a final judge.",@repo/skills/deliverable-consistency/TOOL_POLICY.md:L35|domains/chirality/_Decomposition/source_review_html/SRC-SKILLPACK-DELIVERABLE-CONSISTENCY.html#SEC-SKP009-0027,bbabb3d7e309,IN,SEC-SKP009-0027,UNIT-SKP009-0001,,
79,Unresolved markers are deterministic findings.,@repo/skills/deliverable-consistency/TOOL_POLICY.md:L36|domains/chirality/_Decomposition/source_review_html/SRC-SKILLPACK-DELIVERABLE-CONSISTENCY.html#SEC-SKP009-0027,1d257e9c491f,IN,SEC-SKP009-0027,UNIT-SKP009-0001,,
80,Identity mismatches are candidate inconsistencies until checked in context.,@repo/skills/deliverable-consistency/TOOL_POLICY.md:L37|domains/chirality/_Decomposition/source_review_html/SRC-SKILLPACK-DELIVERABLE-CONSISTENCY.html#SEC-SKP009-0027,d2270b8f770d,IN,SEC-SKP009-0027,UNIT-SKP009-0001,,
81,"Unsourced numeric lines are review prompts, not automatic defects.",@repo/skills/deliverable-consistency/TOOL_POLICY.md:L38|domains/chirality/_Decomposition/source_review_html/SRC-SKILLPACK-DELIVERABLE-CONSISTENCY.html#SEC-SKP009-0027,c7a5e557c4b8,IN,SEC-SKP009-0027,UNIT-SKP009-0001,,
82,"Reasoning takes over after the deterministic sweep by reading flagged docs, comparing files directly, and producing evidence-backed proposals and human-ruling items.",@repo/skills/deliverable-consistency/TOOL_POLICY.md:L40|domains/chirality/_Decomposition/source_review_html/SRC-SKILLPACK-DELIVERABLE-CONSISTENCY.html#SEC-SKP009-0027,dee4c493a45c,IN,SEC-SKP009-0027,UNIT-SKP009-0001,,
83,Hidden reliance on tools outside the declared list is disallowed unless the human expands AllowedTools.,@repo/skills/deliverable-consistency/TOOL_POLICY.md:L44|domains/chirality/_Decomposition/source_review_html/SRC-SKILLPACK-DELIVERABLE-CONSISTENCY.html#SEC-SKP009-0028,534eda01895a,IN,SEC-SKP009-0028,UNIT-SKP009-0001,,
84,Writes outside declared scope are disallowed.,@repo/skills/deliverable-consistency/TOOL_POLICY.md:L44|domains/chirality/_Decomposition/source_review_html/SRC-SKILLPACK-DELIVERABLE-CONSISTENCY.html#SEC-SKP009-0028,207d413eb9f5,IN,SEC-SKP009-0028,UNIT-SKP009-0001,,
85,Project-wide scanning is disallowed.,@repo/skills/deliverable-consistency/TOOL_POLICY.md:L45|domains/chirality/_Decomposition/source_review_html/SRC-SKILLPACK-DELIVERABLE-CONSISTENCY.html#SEC-SKP009-0028,11113df8cd07,IN,SEC-SKP009-0028,UNIT-SKP009-0001,,
86,Widening scope beyond the single deliverable is disallowed.,@repo/skills/deliverable-consistency/TOOL_POLICY.md:L46|domains/chirality/_Decomposition/source_review_html/SRC-SKILLPACK-DELIVERABLE-CONSISTENCY.html#SEC-SKP009-0028,384cf06c2819,IN,SEC-SKP009-0028,UNIT-SKP009-0001,,
87,Edits outside authorization are disallowed.,@repo/skills/deliverable-consistency/TOOL_POLICY.md:L47|domains/chirality/_Decomposition/source_review_html/SRC-SKILLPACK-DELIVERABLE-CONSISTENCY.html#SEC-SKP009-0028,8d5e379a3754,IN,SEC-SKP009-0028,UNIT-SKP009-0001,,
88,Silent conflict resolution is disallowed.,@repo/skills/deliverable-consistency/TOOL_POLICY.md:L48|domains/chirality/_Decomposition/source_review_html/SRC-SKILLPACK-DELIVERABLE-CONSISTENCY.html#SEC-SKP009-0028,c4fc53915c6f,IN,SEC-SKP009-0028,UNIT-SKP009-0001,,
89,Dependency register edits are disallowed unless separately authorized by the brief.,@repo/skills/deliverable-consistency/TOOL_POLICY.md:L49|domains/chirality/_Decomposition/source_review_html/SRC-SKILLPACK-DELIVERABLE-CONSISTENCY.html#SEC-SKP009-0028,f181aed16431,IN,SEC-SKP009-0028,UNIT-SKP009-0001,,
90,Writes are limited to the effective bounded task brief write authorization for the single deliverable.,@repo/skills/deliverable-consistency/TOOL_POLICY.md:L53|domains/chirality/_Decomposition/source_review_html/SRC-SKILLPACK-DELIVERABLE-CONSISTENCY.html#SEC-SKP009-0029,70f898e0f139,IN,SEC-SKP009-0029,UNIT-SKP009-0001,,
91,Optional applied minimal edits require ApplyEdits: true.,@repo/skills/deliverable-consistency/TOOL_POLICY.md:L53|domains/chirality/_Decomposition/source_review_html/SRC-SKILLPACK-DELIVERABLE-CONSISTENCY.html#SEC-SKP009-0029,517d20c55e2e,IN,SEC-SKP009-0029,UNIT-SKP009-0001,,
92,MEMORY.md updates and dependency register edits require explicit brief authorization.,@repo/skills/deliverable-consistency/TOOL_POLICY.md:L53|domains/chirality/_Decomposition/source_review_html/SRC-SKILLPACK-DELIVERABLE-CONSISTENCY.html#SEC-SKP009-0029,4a89782738db,IN,SEC-SKP009-0029,UNIT-SKP009-0001,,
