LocalSeq,UnitStatement,SourceRef,ContentHash,InOutStatus,SectionID,DispatchUnitID,Corrects,Notes
1,DEL-17-03 is the Native open JSON export package deliverable within PKG-17 Export Format Interoperability.,@repo/execution/PKG-17_Export Format Interoperability/1_Working/DEL-17-03_Native open JSON export package/Datasheet.md:L6|_Decomposition/source_review_html/SRC-DEL-DEL-17-03-NATIVE-OPEN-JSON-EXPORT-PACKAGE.html#SEC-ED095-0004,d89710fd8e25,IN,SEC-ED095-0004,UNIT-ED095-0001,,
2,DEL-17-03 is typed BACKEND_FEATURE_SLICE.,@repo/execution/PKG-17_Export Format Interoperability/1_Working/DEL-17-03_Native open JSON export package/Datasheet.md:L8|_Decomposition/source_review_html/SRC-DEL-DEL-17-03-NATIVE-OPEN-JSON-EXPORT-PACKAGE.html#SEC-ED095-0004,c9b17f215971,IN,SEC-ED095-0004,UNIT-ED095-0001,,
3,DEL-17-03 builds on the source foundation of DEL-17-01 and DEL-17-02.,@repo/execution/PKG-17_Export Format Interoperability/1_Working/DEL-17-03_Native open JSON export package/Datasheet.md:L10|_Decomposition/source_review_html/SRC-DEL-DEL-17-03-NATIVE-OPEN-JSON-EXPORT-PACKAGE.html#SEC-ED095-0004,2ec93965a905,IN,SEC-ED095-0004,UNIT-ED095-0001,,
4,DEL-17-03 serves as the first project-owned native JSON package implementation foundation for export interoperability.,@repo/execution/PKG-17_Export Format Interoperability/1_Working/DEL-17-03_Native open JSON export package/Datasheet.md:L11|_Decomposition/source_review_html/SRC-DEL-DEL-17-03-NATIVE-OPEN-JSON-EXPORT-PACKAGE.html#SEC-ED095-0004,9ee2ec151279,IN,SEC-ED095-0004,UNIT-ED095-0001,,
5,"DEL-17-03 defines the native open JSON export package as the project-owned debug, interchange, archival, adapter-input, manifest, ID-map, and validation-report package target.",@repo/execution/PKG-17_Export Format Interoperability/1_Working/DEL-17-03_Native open JSON export package/Datasheet.md:L15|_Decomposition/source_review_html/SRC-DEL-DEL-17-03-NATIVE-OPEN-JSON-EXPORT-PACKAGE.html#SEC-ED095-0005,b9286aa0cf92,IN,SEC-ED095-0005,UNIT-ED095-0001,,
6,"DEL-17-03 owns the bounded native JSON package foundation: schema contract, deterministic package builder/writer helper, invented public fixture, and focused tests.",@repo/execution/PKG-17_Export Format Interoperability/1_Working/DEL-17-03_Native open JSON export package/Datasheet.md:L17|_Decomposition/source_review_html/SRC-DEL-DEL-17-03-NATIVE-OPEN-JSON-EXPORT-PACKAGE.html#SEC-ED095-0005,39598ac98b96,IN,SEC-ED095-0005,UNIT-ED095-0001,,
7,"DEL-17-03 does not implement public API, GUI action, persistence runtime, project-store export flow, downstream target adapter behavior, target compatibility, release claims, code-compliance claims, or professional-reliance claims.",@repo/execution/PKG-17_Export Format Interoperability/1_Working/DEL-17-03_Native open JSON export package/Datasheet.md:L17|_Decomposition/source_review_html/SRC-DEL-DEL-17-03-NATIVE-OPEN-JSON-EXPORT-PACKAGE.html#SEC-ED095-0005,910ce2b2d166,IN,SEC-ED095-0005,UNIT-ED095-0001,,
8,"The manifest member records source model identity, export profile, package member inventory, hashes, diagnostics, and boundary notes.",@repo/execution/PKG-17_Export Format Interoperability/1_Working/DEL-17-03_Native open JSON export package/Datasheet.md:L23|_Decomposition/source_review_html/SRC-DEL-DEL-17-03-NATIVE-OPEN-JSON-EXPORT-PACKAGE.html#SEC-ED095-0006,50a27609149a,IN,SEC-ED095-0006,UNIT-ED095-0001,,
9,The model_payload member carries the project-owned JSON representation selected by a future exporter.,@repo/execution/PKG-17_Export Format Interoperability/1_Working/DEL-17-03_Native open JSON export package/Datasheet.md:L24|_Decomposition/source_review_html/SRC-DEL-DEL-17-03-NATIVE-OPEN-JSON-EXPORT-PACKAGE.html#SEC-ED095-0006,fbccfd653eb6,IN,SEC-ED095-0006,UNIT-ED095-0001,,
10,The stable_id_map member maps canonical OpenPipeStress IDs to package-local records.,@repo/execution/PKG-17_Export Format Interoperability/1_Working/DEL-17-03_Native open JSON export package/Datasheet.md:L25|_Decomposition/source_review_html/SRC-DEL-DEL-17-03-NATIVE-OPEN-JSON-EXPORT-PACKAGE.html#SEC-ED095-0006,38de744e9f41,IN,SEC-ED095-0006,UNIT-ED095-0001,,
11,"The loss_report member records exported, omitted, approximated, delegated, unsupported, and TBD behavior.",@repo/execution/PKG-17_Export Format Interoperability/1_Working/DEL-17-03_Native open JSON export package/Datasheet.md:L26|_Decomposition/source_review_html/SRC-DEL-DEL-17-03-NATIVE-OPEN-JSON-EXPORT-PACKAGE.html#SEC-ED095-0006,1b2f74be2c5c,IN,SEC-ED095-0006,UNIT-ED095-0001,,
12,The validation_report member records package-shape and source-boundary checks without claiming solver validation.,@repo/execution/PKG-17_Export Format Interoperability/1_Working/DEL-17-03_Native open JSON export package/Datasheet.md:L27|_Decomposition/source_review_html/SRC-DEL-DEL-17-03-NATIVE-OPEN-JSON-EXPORT-PACKAGE.html#SEC-ED095-0006,e495aaee8a23,IN,SEC-ED095-0006,UNIT-ED095-0001,,
13,The diagnostics member carries warnings and blocking messages from export preparation.,@repo/execution/PKG-17_Export Format Interoperability/1_Working/DEL-17-03_Native open JSON export package/Datasheet.md:L28|_Decomposition/source_review_html/SRC-DEL-DEL-17-03-NATIVE-OPEN-JSON-EXPORT-PACKAGE.html#SEC-ED095-0006,16ae490af91c,IN,SEC-ED095-0006,UNIT-ED095-0001,,
14,schemas/native_json_export.schema.json is the JSON Schema 2020-12 contract for the native JSON package foundation.,@repo/execution/PKG-17_Export Format Interoperability/1_Working/DEL-17-03_Native open JSON export package/Datasheet.md:L34|_Decomposition/source_review_html/SRC-DEL-DEL-17-03-NATIVE-OPEN-JSON-EXPORT-PACKAGE.html#SEC-ED095-0007,820f98439bff,IN,SEC-ED095-0007,UNIT-ED095-0001,,
15,core/handoff/native_json/ provides the deterministic builder and canonical writer helper for native JSON package evidence.,@repo/execution/PKG-17_Export Format Interoperability/1_Working/DEL-17-03_Native open JSON export package/Datasheet.md:L35|_Decomposition/source_review_html/SRC-DEL-DEL-17-03-NATIVE-OPEN-JSON-EXPORT-PACKAGE.html#SEC-ED095-0007,c611690ca0b4,IN,SEC-ED095-0007,UNIT-ED095-0001,,
16,fixtures/native_json/invented/native_json_export_package.json is the invented public fixture for package-shape and boundary checks.,@repo/execution/PKG-17_Export Format Interoperability/1_Working/DEL-17-03_Native open JSON export package/Datasheet.md:L36|_Decomposition/source_review_html/SRC-DEL-DEL-17-03-NATIVE-OPEN-JSON-EXPORT-PACKAGE.html#SEC-ED095-0007,3accc73ed5cc,IN,SEC-ED095-0007,UNIT-ED095-0001,,
17,"tests/test_native_json_export_package.py provides focused tests for deterministic hashes, member inventory, diagnostics, privacy/professional-boundary flags, canonical writer output, and protected/private payload screening.",@repo/execution/PKG-17_Export Format Interoperability/1_Working/DEL-17-03_Native open JSON export package/Datasheet.md:L37|_Decomposition/source_review_html/SRC-DEL-DEL-17-03-NATIVE-OPEN-JSON-EXPORT-PACKAGE.html#SEC-ED095-0007,b45fab87d408,IN,SEC-ED095-0007,UNIT-ED095-0001,,
18,The native JSON profile shall consume the DEL-17-02 export profile contract.,@repo/execution/PKG-17_Export Format Interoperability/1_Working/DEL-17-03_Native open JSON export package/Datasheet.md:L41|_Decomposition/source_review_html/SRC-DEL-DEL-17-03-NATIVE-OPEN-JSON-EXPORT-PACKAGE.html#SEC-ED095-0008,9c227a86dd32,IN,SEC-ED095-0008,UNIT-ED095-0001,,
19,The native JSON profile shall declare profile ID and profile version.,@repo/execution/PKG-17_Export Format Interoperability/1_Working/DEL-17-03_Native open JSON export package/Datasheet.md:L43|_Decomposition/source_review_html/SRC-DEL-DEL-17-03-NATIVE-OPEN-JSON-EXPORT-PACKAGE.html#SEC-ED095-0008,df8aace29f77,IN,SEC-ED095-0008,UNIT-ED095-0001,,
20,The native JSON profile shall declare source model identity and hash basis.,@repo/execution/PKG-17_Export Format Interoperability/1_Working/DEL-17-03_Native open JSON export package/Datasheet.md:L44|_Decomposition/source_review_html/SRC-DEL-DEL-17-03-NATIVE-OPEN-JSON-EXPORT-PACKAGE.html#SEC-ED095-0008,896f4ac24d1c,IN,SEC-ED095-0008,UNIT-ED095-0001,,
21,The native JSON profile shall declare unit and coordinate policy.,@repo/execution/PKG-17_Export Format Interoperability/1_Working/DEL-17-03_Native open JSON export package/Datasheet.md:L45|_Decomposition/source_review_html/SRC-DEL-DEL-17-03-NATIVE-OPEN-JSON-EXPORT-PACKAGE.html#SEC-ED095-0008,77875fc1d26d,IN,SEC-ED095-0008,UNIT-ED095-0001,,
22,The native JSON profile shall declare canonical ID families included.,@repo/execution/PKG-17_Export Format Interoperability/1_Working/DEL-17-03_Native open JSON export package/Datasheet.md:L46|_Decomposition/source_review_html/SRC-DEL-DEL-17-03-NATIVE-OPEN-JSON-EXPORT-PACKAGE.html#SEC-ED095-0008,024e93a56e2e,IN,SEC-ED095-0008,UNIT-ED095-0001,,
23,The native JSON profile shall declare package member path policy.,@repo/execution/PKG-17_Export Format Interoperability/1_Working/DEL-17-03_Native open JSON export package/Datasheet.md:L47|_Decomposition/source_review_html/SRC-DEL-DEL-17-03-NATIVE-OPEN-JSON-EXPORT-PACKAGE.html#SEC-ED095-0008,1f3361442565,IN,SEC-ED095-0008,UNIT-ED095-0001,,
24,The native JSON profile shall declare deterministic timestamp policy.,@repo/execution/PKG-17_Export Format Interoperability/1_Working/DEL-17-03_Native open JSON export package/Datasheet.md:L48|_Decomposition/source_review_html/SRC-DEL-DEL-17-03-NATIVE-OPEN-JSON-EXPORT-PACKAGE.html#SEC-ED095-0008,89fa276360b3,IN,SEC-ED095-0008,UNIT-ED095-0001,,
25,The native JSON profile shall declare loss-report category policy.,@repo/execution/PKG-17_Export Format Interoperability/1_Working/DEL-17-03_Native open JSON export package/Datasheet.md:L49|_Decomposition/source_review_html/SRC-DEL-DEL-17-03-NATIVE-OPEN-JSON-EXPORT-PACKAGE.html#SEC-ED095-0008,1271312ac46b,IN,SEC-ED095-0008,UNIT-ED095-0001,,
26,"The native JSON profile shall declare boundary notes for no release, compatibility, code-compliance, or professional claim.",@repo/execution/PKG-17_Export Format Interoperability/1_Working/DEL-17-03_Native open JSON export package/Datasheet.md:L50|_Decomposition/source_review_html/SRC-DEL-DEL-17-03-NATIVE-OPEN-JSON-EXPORT-PACKAGE.html#SEC-ED095-0008,2142e3a0b0f1,IN,SEC-ED095-0008,UNIT-ED095-0001,,
27,"Native JSON is project-owned interchange and adapter input, not a public compatibility promise.",@repo/execution/PKG-17_Export Format Interoperability/1_Working/DEL-17-03_Native open JSON export package/Datasheet.md:L54|_Decomposition/source_review_html/SRC-DEL-DEL-17-03-NATIVE-OPEN-JSON-EXPORT-PACKAGE.html#SEC-ED095-0009,3199bb1b9dbe,IN,SEC-ED095-0009,UNIT-ED095-0001,,
28,The package may preserve source model semantics but does not certify solver correctness.,@repo/execution/PKG-17_Export Format Interoperability/1_Working/DEL-17-03_Native open JSON export package/Datasheet.md:L55|_Decomposition/source_review_html/SRC-DEL-DEL-17-03-NATIVE-OPEN-JSON-EXPORT-PACKAGE.html#SEC-ED095-0009,0ca67d3068b9,IN,SEC-ED095-0009,UNIT-ED095-0001,,
29,"Protected standards values, private model data, proprietary target examples, and owner criteria remain excluded.",@repo/execution/PKG-17_Export Format Interoperability/1_Working/DEL-17-03_Native open JSON export package/Datasheet.md:L56|_Decomposition/source_review_html/SRC-DEL-DEL-17-03-NATIVE-OPEN-JSON-EXPORT-PACKAGE.html#SEC-ED095-0009,a7e38902fa01,IN,SEC-ED095-0009,UNIT-ED095-0001,,
30,Any future integration or target-adapter work must keep unsupported or omitted behavior visible in the loss report.,@repo/execution/PKG-17_Export Format Interoperability/1_Working/DEL-17-03_Native open JSON export package/Datasheet.md:L57|_Decomposition/source_review_html/SRC-DEL-DEL-17-03-NATIVE-OPEN-JSON-EXPORT-PACKAGE.html#SEC-ED095-0009,0ee71a3a7397,IN,SEC-ED095-0009,UNIT-ED095-0001,,
31,Treat the native JSON package as the least target-specific export path.,@repo/execution/PKG-17_Export Format Interoperability/1_Working/DEL-17-03_Native open JSON export package/Guidance.md:L5|_Decomposition/source_review_html/SRC-DEL-DEL-17-03-NATIVE-OPEN-JSON-EXPORT-PACKAGE.html#SEC-ED095-0012,c9ed57c10962,IN,SEC-ED095-0012,UNIT-ED095-0001,,
32,"The native JSON package's main value is traceability: it should make source identity, package contents, canonical IDs, diagnostics, and losses visible before any target adapter consumes the package.",@repo/execution/PKG-17_Export Format Interoperability/1_Working/DEL-17-03_Native open JSON export package/Guidance.md:L5|_Decomposition/source_review_html/SRC-DEL-DEL-17-03-NATIVE-OPEN-JSON-EXPORT-PACKAGE.html#SEC-ED095-0012,23281e878d1b,IN,SEC-ED095-0012,UNIT-ED095-0001,,
33,The package foundation should be deterministic.,@repo/execution/PKG-17_Export Format Interoperability/1_Working/DEL-17-03_Native open JSON export package/Guidance.md:L7|_Decomposition/source_review_html/SRC-DEL-DEL-17-03-NATIVE-OPEN-JSON-EXPORT-PACKAGE.html#SEC-ED095-0012,69b0af71e386,IN,SEC-ED095-0012,UNIT-ED095-0001,,
34,"Runtime timestamps, if retained for reportability, should be declared rather than hidden inside hashes or manifests.",@repo/execution/PKG-17_Export Format Interoperability/1_Working/DEL-17-03_Native open JSON export package/Guidance.md:L7|_Decomposition/source_review_html/SRC-DEL-DEL-17-03-NATIVE-OPEN-JSON-EXPORT-PACKAGE.html#SEC-ED095-0012,8de93663cf05,IN,SEC-ED095-0012,UNIT-ED095-0001,,
35,Use DEL-17-02 as the contract foundation.,@repo/execution/PKG-17_Export Format Interoperability/1_Working/DEL-17-03_Native open JSON export package/Guidance.md:L11|_Decomposition/source_review_html/SRC-DEL-DEL-17-03-NATIVE-OPEN-JSON-EXPORT-PACKAGE.html#SEC-ED095-0013,785e3a3d7c53,IN,SEC-ED095-0013,UNIT-ED095-0001,,
36,Use DEL-17-01 for target-boundary discipline and source authority.,@repo/execution/PKG-17_Export Format Interoperability/1_Working/DEL-17-03_Native open JSON export package/Guidance.md:L12|_Decomposition/source_review_html/SRC-DEL-DEL-17-03-NATIVE-OPEN-JSON-EXPORT-PACKAGE.html#SEC-ED095-0013,08e111478b27,IN,SEC-ED095-0013,UNIT-ED095-0001,,
37,Prefer explicit omissions over silent defaults.,@repo/execution/PKG-17_Export Format Interoperability/1_Working/DEL-17-03_Native open JSON export package/Guidance.md:L13|_Decomposition/source_review_html/SRC-DEL-DEL-17-03-NATIVE-OPEN-JSON-EXPORT-PACKAGE.html#SEC-ED095-0013,dfe4382b41cc,IN,SEC-ED095-0013,UNIT-ED095-0001,,
38,"Treat validation reports as package evidence, not solver validation.",@repo/execution/PKG-17_Export Format Interoperability/1_Working/DEL-17-03_Native open JSON export package/Guidance.md:L14|_Decomposition/source_review_html/SRC-DEL-DEL-17-03-NATIVE-OPEN-JSON-EXPORT-PACKAGE.html#SEC-ED095-0013,dc19dde329bc,IN,SEC-ED095-0013,UNIT-ED095-0001,,
39,Keep adapter-specific behavior in later deliverables.,@repo/execution/PKG-17_Export Format Interoperability/1_Working/DEL-17-03_Native open JSON export package/Guidance.md:L15|_Decomposition/source_review_html/SRC-DEL-DEL-17-03-NATIVE-OPEN-JSON-EXPORT-PACKAGE.html#SEC-ED095-0013,b7917289e90c,IN,SEC-ED095-0013,UNIT-ED095-0001,,
40,"Treat the native JSON schema, builder, invented fixture, and focused tests as DEL-17-03-owned foundation outputs.",@repo/execution/PKG-17_Export Format Interoperability/1_Working/DEL-17-03_Native open JSON export package/Guidance.md:L16|_Decomposition/source_review_html/SRC-DEL-DEL-17-03-NATIVE-OPEN-JSON-EXPORT-PACKAGE.html#SEC-ED095-0013,2b2a7d99ca95,IN,SEC-ED095-0013,UNIT-ED095-0001,,
41,"Keep API/CLI/GUI integration, project-store export flow, downstream target adapters, and target-specific behavior in later deliverables or separately approved tranches.",@repo/execution/PKG-17_Export Format Interoperability/1_Working/DEL-17-03_Native open JSON export package/Guidance.md:L17|_Decomposition/source_review_html/SRC-DEL-DEL-17-03-NATIVE-OPEN-JSON-EXPORT-PACKAGE.html#SEC-ED095-0013,56f2390a9317,IN,SEC-ED095-0013,UNIT-ED095-0001,,
42,TBD-17-03-001 (which concrete JSON schemas bind package members) is closed for the bounded foundation by schemas/native_json_export.schema.json; future schema changes require governed follow-up.,@repo/execution/PKG-17_Export Format Interoperability/1_Working/DEL-17-03_Native open JSON export package/Guidance.md:L23|_Decomposition/source_review_html/SRC-DEL-DEL-17-03-NATIVE-OPEN-JSON-EXPORT-PACKAGE.html#SEC-ED095-0014,d9034d8b6336,IN,SEC-ED095-0014,UNIT-ED095-0001,,
43,TBD-17-03-002 (which hash canonicalization helper the package writer uses) is closed for the bounded foundation by core/handoff/native_json/package.py canonical JSON and member-hash behavior; broader project hash unification remains an integration concern.,@repo/execution/PKG-17_Export Format Interoperability/1_Working/DEL-17-03_Native open JSON export package/Guidance.md:L24|_Decomposition/source_review_html/SRC-DEL-DEL-17-03-NATIVE-OPEN-JSON-EXPORT-PACKAGE.html#SEC-ED095-0014,817afb0ebdf8,IN,SEC-ED095-0014,UNIT-ED095-0001,,
44,TBD-17-03-003 (which invented fixtures exercise native JSON round trips) is closed for the bounded foundation by fixtures/native_json/invented/native_json_export_package.json and focused tests.,@repo/execution/PKG-17_Export Format Interoperability/1_Working/DEL-17-03_Native open JSON export package/Guidance.md:L25|_Decomposition/source_review_html/SRC-DEL-DEL-17-03-NATIVE-OPEN-JSON-EXPORT-PACKAGE.html#SEC-ED095-0014,2b292facd838,IN,SEC-ED095-0014,UNIT-ED095-0001,,
45,TBD-17-03-004 (which concrete schema and writer binding source authorizes native JSON implementation) is closed for the bounded foundation by TP-EXPORT-006 implementation evidence; API/CLI/GUI and project-store binding remain future scoped work.,@repo/execution/PKG-17_Export Format Interoperability/1_Working/DEL-17-03_Native open JSON export package/Guidance.md:L26|_Decomposition/source_review_html/SRC-DEL-DEL-17-03-NATIVE-OPEN-JSON-EXPORT-PACKAGE.html#SEC-ED095-0014,be09209afe1c,IN,SEC-ED095-0014,UNIT-ED095-0001,,
46,Population procedure step: read DEL-17-01 source basis and DEL-17-02 export contract.,@repo/execution/PKG-17_Export Format Interoperability/1_Working/DEL-17-03_Native open JSON export package/Procedure.md:L5|_Decomposition/source_review_html/SRC-DEL-DEL-17-03-NATIVE-OPEN-JSON-EXPORT-PACKAGE.html#SEC-ED095-0017,574f7a8c189e,IN,SEC-ED095-0017,UNIT-ED095-0001,,
47,Population procedure step: maintain the native JSON package contract and bounded implementation foundation in sync.,@repo/execution/PKG-17_Export Format Interoperability/1_Working/DEL-17-03_Native open JSON export package/Procedure.md:L6|_Decomposition/source_review_html/SRC-DEL-DEL-17-03-NATIVE-OPEN-JSON-EXPORT-PACKAGE.html#SEC-ED095-0017,8afe60e56b16,IN,SEC-ED095-0017,UNIT-ED095-0001,,
48,Population procedure step: generate _SEMANTIC.md with semantic-matrix-build.,@repo/execution/PKG-17_Export Format Interoperability/1_Working/DEL-17-03_Native open JSON export package/Procedure.md:L7|_Decomposition/source_review_html/SRC-DEL-DEL-17-03-NATIVE-OPEN-JSON-EXPORT-PACKAGE.html#SEC-ED095-0017,7997b0936255,IN,SEC-ED095-0017,UNIT-ED095-0001,,
49,Population procedure step: generate _SEMANTIC_LENSING.md with lens-register.,@repo/execution/PKG-17_Export Format Interoperability/1_Working/DEL-17-03_Native open JSON export package/Procedure.md:L8|_Decomposition/source_review_html/SRC-DEL-DEL-17-03-NATIVE-OPEN-JSON-EXPORT-PACKAGE.html#SEC-ED095-0017,2770dca995c9,IN,SEC-ED095-0017,UNIT-ED095-0001,,
50,Population procedure step: apply warranted P3 enrichment through four-documents P3_ONLY.,@repo/execution/PKG-17_Export Format Interoperability/1_Working/DEL-17-03_Native open JSON export package/Procedure.md:L9|_Decomposition/source_review_html/SRC-DEL-DEL-17-03-NATIVE-OPEN-JSON-EXPORT-PACKAGE.html#SEC-ED095-0017,ac18b629c83c,IN,SEC-ED095-0017,UNIT-ED095-0001,,
51,Population procedure step: extract dependencies into Dependencies.csv.,@repo/execution/PKG-17_Export Format Interoperability/1_Working/DEL-17-03_Native open JSON export package/Procedure.md:L10|_Decomposition/source_review_html/SRC-DEL-DEL-17-03-NATIVE-OPEN-JSON-EXPORT-PACKAGE.html#SEC-ED095-0017,ca74ee8f846c,IN,SEC-ED095-0017,UNIT-ED095-0001,,
52,Population procedure step: record memory and run evidence.,@repo/execution/PKG-17_Export Format Interoperability/1_Working/DEL-17-03_Native open JSON export package/Procedure.md:L11|_Decomposition/source_review_html/SRC-DEL-DEL-17-03-NATIVE-OPEN-JSON-EXPORT-PACKAGE.html#SEC-ED095-0017,fc800b5ee21d,IN,SEC-ED095-0017,UNIT-ED095-0001,,
53,Bounded native JSON foundation work must define concrete package schema and builder/writer artifacts inside the DEL-17-03 scope.,@repo/execution/PKG-17_Export Format Interoperability/1_Working/DEL-17-03_Native open JSON export package/Procedure.md:L16|_Decomposition/source_review_html/SRC-DEL-DEL-17-03-NATIVE-OPEN-JSON-EXPORT-PACKAGE.html#SEC-ED095-0018,65193acea1d3,IN,SEC-ED095-0018,UNIT-ED095-0001,,
54,"Bounded native JSON foundation work must preserve manifest, stable ID map, loss report, validation report, and diagnostics behavior.",@repo/execution/PKG-17_Export Format Interoperability/1_Working/DEL-17-03_Native open JSON export package/Procedure.md:L17|_Decomposition/source_review_html/SRC-DEL-DEL-17-03-NATIVE-OPEN-JSON-EXPORT-PACKAGE.html#SEC-ED095-0018,1ff458413ede,IN,SEC-ED095-0018,UNIT-ED095-0001,,
55,Bounded native JSON foundation work must use invented public fixtures only.,@repo/execution/PKG-17_Export Format Interoperability/1_Working/DEL-17-03_Native open JSON export package/Procedure.md:L18|_Decomposition/source_review_html/SRC-DEL-DEL-17-03-NATIVE-OPEN-JSON-EXPORT-PACKAGE.html#SEC-ED095-0018,da509fddffcb,IN,SEC-ED095-0018,UNIT-ED095-0001,,
56,"Bounded native JSON foundation work must test deterministic hashes, member inventory, diagnostics, privacy/professional-boundary flags, canonical writer output, and protected/private payload screening.",@repo/execution/PKG-17_Export Format Interoperability/1_Working/DEL-17-03_Native open JSON export package/Procedure.md:L19|_Decomposition/source_review_html/SRC-DEL-DEL-17-03-NATIVE-OPEN-JSON-EXPORT-PACKAGE.html#SEC-ED095-0018,a15125922d64,IN,SEC-ED095-0018,UNIT-ED095-0001,,
57,"Bounded native JSON foundation work must keep protected, proprietary, release, compatibility, target-support, code-compliance, solver-validation, professional-reliance, and professional-acceptance claims out of the package.",@repo/execution/PKG-17_Export Format Interoperability/1_Working/DEL-17-03_Native open JSON export package/Procedure.md:L20|_Decomposition/source_review_html/SRC-DEL-DEL-17-03-NATIVE-OPEN-JSON-EXPORT-PACKAGE.html#SEC-ED095-0018,24362a6ac969,IN,SEC-ED095-0018,UNIT-ED095-0001,,
58,"Bounded native JSON foundation work must leave public API, GUI behavior, persistence runtime, project-store export flow, and downstream target-adapter behavior to separately scoped work.",@repo/execution/PKG-17_Export Format Interoperability/1_Working/DEL-17-03_Native open JSON export package/Procedure.md:L21|_Decomposition/source_review_html/SRC-DEL-DEL-17-03-NATIVE-OPEN-JSON-EXPORT-PACKAGE.html#SEC-ED095-0018,3461d0b331e6,IN,SEC-ED095-0018,UNIT-ED095-0001,,
59,"Pass 3 checked the lensing register against DEL-17-02 manifest, stable-ID, and loss-report requirements.",@repo/execution/PKG-17_Export Format Interoperability/1_Working/DEL-17-03_Native open JSON export package/Procedure.md:L26|_Decomposition/source_review_html/SRC-DEL-DEL-17-03-NATIVE-OPEN-JSON-EXPORT-PACKAGE.html#SEC-ED095-0019,20bac5bf02de,IN,SEC-ED095-0019,UNIT-ED095-0001,,
60,"Later TP-EXPORT-006 evidence authorized and produced the bounded schema, builder, fixture, and test foundation reflected in the procedure.",@repo/execution/PKG-17_Export Format Interoperability/1_Working/DEL-17-03_Native open JSON export package/Procedure.md:L26|_Decomposition/source_review_html/SRC-DEL-DEL-17-03-NATIVE-OPEN-JSON-EXPORT-PACKAGE.html#SEC-ED095-0019,bb5744786149,IN,SEC-ED095-0019,UNIT-ED095-0001,,
61,Register item A-001 (reread Specification.md Requirements and Datasheet.md Package Members) was incorporated as member-level acceptance criteria in Specification.md.,@repo/execution/PKG-17_Export Format Interoperability/1_Working/DEL-17-03_Native open JSON export package/Procedure.md:L33|_Decomposition/source_review_html/SRC-DEL-DEL-17-03-NATIVE-OPEN-JSON-EXPORT-PACKAGE.html#SEC-ED095-0020,be42df832c4c,IN,SEC-ED095-0020,UNIT-ED095-0001,,
62,Register item F-001 (reread Guidance.md Closed Foundation Questions) was dispositioned by TP-EXPORT-006 foundation evidence; residual integration work remains future-scoped.,@repo/execution/PKG-17_Export Format Interoperability/1_Working/DEL-17-03_Native open JSON export package/Procedure.md:L34|_Decomposition/source_review_html/SRC-DEL-DEL-17-03-NATIVE-OPEN-JSON-EXPORT-PACKAGE.html#SEC-ED095-0020,20f6b4168148,IN,SEC-ED095-0020,UNIT-ED095-0001,,
63,Register item X-001 (reread Specification.md Verification Requirements and Procedure.md Bounded Implementation Procedure) was incorporated as explicit boundary-review verification in Specification.md and Procedure.md.,@repo/execution/PKG-17_Export Format Interoperability/1_Working/DEL-17-03_Native open JSON export package/Procedure.md:L35|_Decomposition/source_review_html/SRC-DEL-DEL-17-03-NATIVE-OPEN-JSON-EXPORT-PACKAGE.html#SEC-ED095-0020,c3191dc32848,IN,SEC-ED095-0020,UNIT-ED095-0001,,
64,DEL-17-03 shall define and implement the bounded native open JSON export package foundation.,@repo/execution/PKG-17_Export Format Interoperability/1_Working/DEL-17-03_Native open JSON export package/Specification.md:L5|_Decomposition/source_review_html/SRC-DEL-DEL-17-03-NATIVE-OPEN-JSON-EXPORT-PACKAGE.html#SEC-ED095-0023,f9c7f9e2fc4f,IN,SEC-ED095-0023,UNIT-ED095-0001,,
65,DEL-17-03 shall consume DEL-17-01 source boundaries and DEL-17-02 export package/profile/stable-ID/loss-report requirements.,@repo/execution/PKG-17_Export Format Interoperability/1_Working/DEL-17-03_Native open JSON export package/Specification.md:L5|_Decomposition/source_review_html/SRC-DEL-DEL-17-03-NATIVE-OPEN-JSON-EXPORT-PACKAGE.html#SEC-ED095-0023,ed2112b63d93,IN,SEC-ED095-0023,UNIT-ED095-0001,,
66,"The bounded implementation scope includes the native JSON schema contract, deterministic package builder/writer helper, invented public fixture, and focused tests for canonical serialization, member hashes, manifest/member inventory, stable ID map, loss report, validation report, diagnostics, provenance, privacy, and professional-boundary flags.",@repo/execution/PKG-17_Export Format Interoperability/1_Working/DEL-17-03_Native open JSON export package/Specification.md:L7|_Decomposition/source_review_html/SRC-DEL-DEL-17-03-NATIVE-OPEN-JSON-EXPORT-PACKAGE.html#SEC-ED095-0023,9bdbe0790a50,IN,SEC-ED095-0023,UNIT-ED095-0001,,
67,"DEL-17-03 shall not implement public APIs, GUI behavior, persistence runtime or project-store export flow, downstream target adapters, CAEPIPE/PCF/glTF target behavior, release claims, compatibility claims, code-compliance claims, solver-validation claims, professional-reliance claims, or professional-acceptance claims.",@repo/execution/PKG-17_Export Format Interoperability/1_Working/DEL-17-03_Native open JSON export package/Specification.md:L9|_Decomposition/source_review_html/SRC-DEL-DEL-17-03-NATIVE-OPEN-JSON-EXPORT-PACKAGE.html#SEC-ED095-0023,d7d31e49c1e5,IN,SEC-ED095-0023,UNIT-ED095-0001,,
68,"DEL-17-03-REQ-001: The native JSON package shall include a manifest, model payload, stable ID map, loss report, validation report, and diagnostics concept.",@repo/execution/PKG-17_Export Format Interoperability/1_Working/DEL-17-03_Native open JSON export package/Specification.md:L15|_Decomposition/source_review_html/SRC-DEL-DEL-17-03-NATIVE-OPEN-JSON-EXPORT-PACKAGE.html#SEC-ED095-0024,5925f14dda50,IN,SEC-ED095-0024,UNIT-ED095-0001,,
69,DEL-17-03-REQ-002: The package contract shall preserve canonical OpenPipeStress identity directly in JSON records or through a package-local ID map.,@repo/execution/PKG-17_Export Format Interoperability/1_Working/DEL-17-03_Native open JSON export package/Specification.md:L16|_Decomposition/source_review_html/SRC-DEL-DEL-17-03-NATIVE-OPEN-JSON-EXPORT-PACKAGE.html#SEC-ED095-0024,3fe5caf7b5b7,IN,SEC-ED095-0024,UNIT-ED095-0001,,
70,"DEL-17-03-REQ-003: The manifest shall identify source model reference, export profile ID, package members, deterministic hash basis, and boundary notes.",@repo/execution/PKG-17_Export Format Interoperability/1_Working/DEL-17-03_Native open JSON export package/Specification.md:L17|_Decomposition/source_review_html/SRC-DEL-DEL-17-03-NATIVE-OPEN-JSON-EXPORT-PACKAGE.html#SEC-ED095-0024,afbfc0766a7c,IN,SEC-ED095-0024,UNIT-ED095-0001,,
71,"DEL-17-03-REQ-004: The loss report shall use the DEL-17-02 categories: exported, omitted, approximated, delegated, unsupported, and TBD.",@repo/execution/PKG-17_Export Format Interoperability/1_Working/DEL-17-03_Native open JSON export package/Specification.md:L18|_Decomposition/source_review_html/SRC-DEL-DEL-17-03-NATIVE-OPEN-JSON-EXPORT-PACKAGE.html#SEC-ED095-0024,92986c8159c1,IN,SEC-ED095-0024,UNIT-ED095-0001,,
72,DEL-17-03-REQ-005: Validation report content shall be package-shape and source-boundary evidence only; it shall not claim solver validation or professional acceptance.,@repo/execution/PKG-17_Export Format Interoperability/1_Working/DEL-17-03_Native open JSON export package/Specification.md:L19|_Decomposition/source_review_html/SRC-DEL-DEL-17-03-NATIVE-OPEN-JSON-EXPORT-PACKAGE.html#SEC-ED095-0024,a6a1ef0549e2,IN,SEC-ED095-0024,UNIT-ED095-0001,,
73,DEL-17-03-REQ-006: The implementation shall emit deterministic canonical JSON and member hashes for package evidence without hiding runtime timestamps inside hash inputs.,@repo/execution/PKG-17_Export Format Interoperability/1_Working/DEL-17-03_Native open JSON export package/Specification.md:L20|_Decomposition/source_review_html/SRC-DEL-DEL-17-03-NATIVE-OPEN-JSON-EXPORT-PACKAGE.html#SEC-ED095-0024,76a702ddfd55,IN,SEC-ED095-0024,UNIT-ED095-0001,,
74,"DEL-17-03-REQ-007: The implementation shall include invented public fixture and focused tests for package shape, deterministic hashes, diagnostics, privacy/professional-boundary flags, and protected/private payload screening.",@repo/execution/PKG-17_Export Format Interoperability/1_Working/DEL-17-03_Native open JSON export package/Specification.md:L21|_Decomposition/source_review_html/SRC-DEL-DEL-17-03-NATIVE-OPEN-JSON-EXPORT-PACKAGE.html#SEC-ED095-0024,8389d9ffa34f,IN,SEC-ED095-0024,UNIT-ED095-0001,,
75,DEL-17-03-REQ-008: Target-specific or adapter-specific behavior shall remain outside the native JSON package foundation unless separately scoped.,@repo/execution/PKG-17_Export Format Interoperability/1_Working/DEL-17-03_Native open JSON export package/Specification.md:L22|_Decomposition/source_review_html/SRC-DEL-DEL-17-03-NATIVE-OPEN-JSON-EXPORT-PACKAGE.html#SEC-ED095-0024,6aebede42fd5,IN,SEC-ED095-0024,UNIT-ED095-0001,,
76,Verification: the four-document kit exists.,@repo/execution/PKG-17_Export Format Interoperability/1_Working/DEL-17-03_Native open JSON export package/Specification.md:L28|_Decomposition/source_review_html/SRC-DEL-DEL-17-03-NATIVE-OPEN-JSON-EXPORT-PACKAGE.html#SEC-ED095-0025,21c66ad8a332,IN,SEC-ED095-0025,UNIT-ED095-0001,,
77,Verification: Dependencies.csv validates as v3.1.,@repo/execution/PKG-17_Export Format Interoperability/1_Working/DEL-17-03_Native open JSON export package/Specification.md:L29|_Decomposition/source_review_html/SRC-DEL-DEL-17-03-NATIVE-OPEN-JSON-EXPORT-PACKAGE.html#SEC-ED095-0025,4c72d32589c0,IN,SEC-ED095-0025,UNIT-ED095-0001,,
78,Verification: _SEMANTIC.md and _SEMANTIC_LENSING.md exist and are lens artifacts only.,@repo/execution/PKG-17_Export Format Interoperability/1_Working/DEL-17-03_Native open JSON export package/Specification.md:L30|_Decomposition/source_review_html/SRC-DEL-DEL-17-03-NATIVE-OPEN-JSON-EXPORT-PACKAGE.html#SEC-ED095-0025,164ddd55e864,IN,SEC-ED095-0025,UNIT-ED095-0001,,
79,Verification: native JSON schema and invented fixture parse as JSON.,@repo/execution/PKG-17_Export Format Interoperability/1_Working/DEL-17-03_Native open JSON export package/Specification.md:L31|_Decomposition/source_review_html/SRC-DEL-DEL-17-03-NATIVE-OPEN-JSON-EXPORT-PACKAGE.html#SEC-ED095-0025,57eb9cc9647d,IN,SEC-ED095-0025,UNIT-ED095-0001,,
80,Verification: native JSON builder compiles and focused tests pass.,@repo/execution/PKG-17_Export Format Interoperability/1_Working/DEL-17-03_Native open JSON export package/Specification.md:L32|_Decomposition/source_review_html/SRC-DEL-DEL-17-03-NATIVE-OPEN-JSON-EXPORT-PACKAGE.html#SEC-ED095-0025,e02b321a62a3,IN,SEC-ED095-0025,UNIT-ED095-0001,,
81,Verification: no protected/proprietary data or external compatibility claim is added (boundary review).,@repo/execution/PKG-17_Export Format Interoperability/1_Working/DEL-17-03_Native open JSON export package/Specification.md:L33|_Decomposition/source_review_html/SRC-DEL-DEL-17-03-NATIVE-OPEN-JSON-EXPORT-PACKAGE.html#SEC-ED095-0025,6280c63f8ebb,IN,SEC-ED095-0025,UNIT-ED095-0001,,
82,"Acceptance criterion: required package members are identified and represented in the native JSON foundation, evidenced by manifest, model payload, stable ID map, loss report, validation report, and diagnostics listed as members and covered by schema/builder/fixture/test evidence.",@repo/execution/PKG-17_Export Format Interoperability/1_Working/DEL-17-03_Native open JSON export package/Specification.md:L39|_Decomposition/source_review_html/SRC-DEL-DEL-17-03-NATIVE-OPEN-JSON-EXPORT-PACKAGE.html#SEC-ED095-0026,e1305eba06bd,IN,SEC-ED095-0026,UNIT-ED095-0001,,
83,"Acceptance criterion: boundary review names excluded claim classes, confirming no release, external compatibility, code-compliance, solver-validation, professional-reliance, or professional-acceptance claim is introduced.",@repo/execution/PKG-17_Export Format Interoperability/1_Working/DEL-17-03_Native open JSON export package/Specification.md:L40|_Decomposition/source_review_html/SRC-DEL-DEL-17-03-NATIVE-OPEN-JSON-EXPORT-PACKAGE.html#SEC-ED095-0026,89dfddc6350a,IN,SEC-ED095-0026,UNIT-ED095-0001,,
84,The native JSON package foundation supports later adapter SDK and target exporter work as a project-owned intermediate package.,@repo/execution/PKG-17_Export Format Interoperability/1_Working/DEL-17-03_Native open JSON export package/Specification.md:L44|_Decomposition/source_review_html/SRC-DEL-DEL-17-03-NATIVE-OPEN-JSON-EXPORT-PACKAGE.html#SEC-ED095-0027,5c9f420f0e36,IN,SEC-ED095-0027,UNIT-ED095-0001,,
85,"Later work must still define API/CLI/GUI integration, production project-store export binding, downstream target adapter consumption, and any target-specific behavior in separately scoped tranches.",@repo/execution/PKG-17_Export Format Interoperability/1_Working/DEL-17-03_Native open JSON export package/Specification.md:L44|_Decomposition/source_review_html/SRC-DEL-DEL-17-03-NATIVE-OPEN-JSON-EXPORT-PACKAGE.html#SEC-ED095-0027,1de6b6379cd1,IN,SEC-ED095-0027,UNIT-ED095-0001,,
