AtomicUnitID,LocalSeq,UnitStatement,SourceRef,ContentHash,InOutStatus,SectionID,DispatchUnitID,Corrects,Notes
HBA-ED055-00001,1,"DEL-08-06 is the deliverable ID for State, comparison, and handoff report sections.","@repo/execution/PKG-08_Reporting, Audit, and Reproducibility/1_Working/DEL-08-06_State, comparison, and handoff report sections/Datasheet.md:L7|_Decomposition/source_review_html/SRC-DEL-DEL-08-06-STATE-COMPARISON-AND-HANDOFF-REPORT-SECTIONS.html#SEC-ED055-0004",d192b0f53b49,IN,SEC-ED055-0004,UNIT-ED055-0001,,
HBA-ED055-00002,2,"DEL-08-06 belongs to package PKG-08, Reporting, Audit, and Reproducibility.","@repo/execution/PKG-08_Reporting, Audit, and Reproducibility/1_Working/DEL-08-06_State, comparison, and handoff report sections/Datasheet.md:L9|_Decomposition/source_review_html/SRC-DEL-DEL-08-06-STATE-COMPARISON-AND-HANDOFF-REPORT-SECTIONS.html#SEC-ED055-0004",0255ce52e0a1,IN,SEC-ED055-0004,UNIT-ED055-0001,,
HBA-ED055-00003,3,DEL-08-06 is typed as a BACKEND_FEATURE_SLICE.,"@repo/execution/PKG-08_Reporting, Audit, and Reproducibility/1_Working/DEL-08-06_State, comparison, and handoff report sections/Datasheet.md:L11|_Decomposition/source_review_html/SRC-DEL-DEL-08-06-STATE-COMPARISON-AND-HANDOFF-REPORT-SECTIONS.html#SEC-ED055-0004",cf3af3546e38,IN,SEC-ED055-0004,UNIT-ED055-0001,,
HBA-ED055-00004,4,DEL-08-06 provides scope coverage for SOW-024.,"@repo/execution/PKG-08_Reporting, Audit, and Reproducibility/1_Working/DEL-08-06_State, comparison, and handoff report sections/Datasheet.md:L12|_Decomposition/source_review_html/SRC-DEL-DEL-08-06-STATE-COMPARISON-AND-HANDOFF-REPORT-SECTIONS.html#SEC-ED055-0004",20d32b837331,IN,SEC-ED055-0004,UNIT-ED055-0001,,
HBA-ED055-00005,5,"DEL-08-06 supports objectives OBJ-007, OBJ-016, OBJ-017, and OBJ-018.","@repo/execution/PKG-08_Reporting, Audit, and Reproducibility/1_Working/DEL-08-06_State, comparison, and handoff report sections/Datasheet.md:L13|_Decomposition/source_review_html/SRC-DEL-DEL-08-06-STATE-COMPARISON-AND-HANDOFF-REPORT-SECTIONS.html#SEC-ED055-0004",f1ae968b1bc2,IN,SEC-ED055-0004,UNIT-ED055-0001,,
HBA-ED055-00006,6,Implementation evidence for DEL-08-06 is TBD because no product code was inspected or created in the setup pass.,"@repo/execution/PKG-08_Reporting, Audit, and Reproducibility/1_Working/DEL-08-06_State, comparison, and handoff report sections/Datasheet.md:L14|_Decomposition/source_review_html/SRC-DEL-DEL-08-06-STATE-COMPARISON-AND-HANDOFF-REPORT-SECTIONS.html#SEC-ED055-0004",29d67416a026,TBD,SEC-ED055-0004,UNIT-ED055-0001,,
HBA-ED055-00007,7,"DEL-08-06 implements report sections generated from model states, analysis runs, comparisons, and handoff manifests without implying professional validation.","@repo/execution/PKG-08_Reporting, Audit, and Reproducibility/1_Working/DEL-08-06_State, comparison, and handoff report sections/Datasheet.md:L20|_Decomposition/source_review_html/SRC-DEL-DEL-08-06-STATE-COMPARISON-AND-HANDOFF-REPORT-SECTIONS.html#SEC-ED055-0005",0a91af106fc0,IN,SEC-ED055-0005,UNIT-ED055-0001,,
HBA-ED055-00008,8,"Anticipated artifacts are state/run report sections, a comparison report section, and a handoff manifest report section.","@repo/execution/PKG-08_Reporting, Audit, and Reproducibility/1_Working/DEL-08-06_State, comparison, and handoff report sections/Datasheet.md:L21|_Decomposition/source_review_html/SRC-DEL-DEL-08-06-STATE-COMPARISON-AND-HANDOFF-REPORT-SECTIONS.html#SEC-ED055-0005",2ac40437f6f9,IN,SEC-ED055-0005,UNIT-ED055-0001,,
HBA-ED055-00009,9,"Auditable calculation reports include inputs, sources, warnings, assumptions, results, rule-pack checksums, and limitations.","@repo/execution/PKG-08_Reporting, Audit, and Reproducibility/1_Working/DEL-08-06_State, comparison, and handoff report sections/Datasheet.md:L22|_Decomposition/source_review_html/SRC-DEL-DEL-08-06-STATE-COMPARISON-AND-HANDOFF-REPORT-SECTIONS.html#SEC-ED055-0005",19d2142ab708,IN,SEC-ED055-0005,UNIT-ED055-0001,,
HBA-ED055-00010,10,"Immutable model states, analysis runs, and deterministic comparisons are first-class product records for design iteration and review.","@repo/execution/PKG-08_Reporting, Audit, and Reproducibility/1_Working/DEL-08-06_State, comparison, and handoff report sections/Datasheet.md:L23|_Decomposition/source_review_html/SRC-DEL-DEL-08-06-STATE-COMPARISON-AND-HANDOFF-REPORT-SECTIONS.html#SEC-ED055-0005",df0c7328b758,IN,SEC-ED055-0005,UNIT-ED055-0001,,
HBA-ED055-00011,11,Handoff packages support downstream modeling and professional validation workflows without automatic professional approval states.,"@repo/execution/PKG-08_Reporting, Audit, and Reproducibility/1_Working/DEL-08-06_State, comparison, and handoff report sections/Datasheet.md:L24|_Decomposition/source_review_html/SRC-DEL-DEL-08-06-STATE-COMPARISON-AND-HANDOFF-REPORT-SECTIONS.html#SEC-ED055-0005",5a0a0be0dcde,IN,SEC-ED055-0005,UNIT-ED055-0001,,
HBA-ED055-00012,12,"Reports are decision support and must not declare code compliance, certification, sealing, approval, authentication, endorsement, or professional reliance.","@repo/execution/PKG-08_Reporting, Audit, and Reproducibility/1_Working/DEL-08-06_State, comparison, and handoff report sections/Datasheet.md:L25|_Decomposition/source_review_html/SRC-DEL-DEL-08-06-STATE-COMPARISON-AND-HANDOFF-REPORT-SECTIONS.html#SEC-ED055-0005",b07227b47e8d,IN,SEC-ED055-0005,UNIT-ED055-0001,,
HBA-ED055-00013,13,"Public report artifacts must not copy protected standards text, protected tables, proprietary formulas, proprietary engineering values, private project data, private rule-pack payloads, private library content, or real secrets.","@repo/execution/PKG-08_Reporting, Audit, and Reproducibility/1_Working/DEL-08-06_State, comparison, and handoff report sections/Datasheet.md:L26|_Decomposition/source_review_html/SRC-DEL-DEL-08-06-STATE-COMPARISON-AND-HANDOFF-REPORT-SECTIONS.html#SEC-ED055-0005",c0c84eb2649d,IN,SEC-ED055-0005,UNIT-ED055-0001,,
HBA-ED055-00014,14,"JSON payload hashes use the accepted JCS-compatible canonical JSON basis where applicable, and reports preserve stable references, checksums, source notes, privacy classification, review state, and provenance.","@repo/execution/PKG-08_Reporting, Audit, and Reproducibility/1_Working/DEL-08-06_State, comparison, and handoff report sections/Datasheet.md:L27|_Decomposition/source_review_html/SRC-DEL-DEL-08-06-STATE-COMPARISON-AND-HANDOFF-REPORT-SECTIONS.html#SEC-ED055-0005",a5f760be9aa1,IN,SEC-ED055-0005,UNIT-ED055-0001,,
HBA-ED055-00015,15,Twenty-two ACTIVE approved DAG-006 rows are present as local evidence for the upstream dependency mirror.,"@repo/execution/PKG-08_Reporting, Audit, and Reproducibility/1_Working/DEL-08-06_State, comparison, and handoff report sections/Datasheet.md:L28|_Decomposition/source_review_html/SRC-DEL-DEL-08-06-STATE-COMPARISON-AND-HANDOFF-REPORT-SECTIONS.html#SEC-ED055-0005",edd2ab16e4d7,IN,SEC-ED055-0005,UNIT-ED055-0001,,
HBA-ED055-00016,16,The lifecycle state of DEL-08-06 at four-doc pass start was OPEN.,"@repo/execution/PKG-08_Reporting, Audit, and Reproducibility/1_Working/DEL-08-06_State, comparison, and handoff report sections/Datasheet.md:L34|_Decomposition/source_review_html/SRC-DEL-DEL-08-06-STATE-COMPARISON-AND-HANDOFF-REPORT-SECTIONS.html#SEC-ED055-0006",ea8f4582a2c5,IN,SEC-ED055-0006,UNIT-ED055-0001,,
HBA-ED055-00017,17,The context envelope for DEL-08-06 is M.,"@repo/execution/PKG-08_Reporting, Audit, and Reproducibility/1_Working/DEL-08-06_State, comparison, and handoff report sections/Datasheet.md:L35|_Decomposition/source_review_html/SRC-DEL-DEL-08-06-STATE-COMPARISON-AND-HANDOFF-REPORT-SECTIONS.html#SEC-ED055-0006",b685fe1c1d20,IN,SEC-ED055-0006,UNIT-ED055-0001,,
HBA-ED055-00018,18,PKG-08 does not authenticate or certify engineering work.,"@repo/execution/PKG-08_Reporting, Audit, and Reproducibility/1_Working/DEL-08-06_State, comparison, and handoff report sections/Datasheet.md:L36|_Decomposition/source_review_html/SRC-DEL-DEL-08-06-STATE-COMPARISON-AND-HANDOFF-REPORT-SECTIONS.html#SEC-ED055-0006",d52d9485d864,IN,SEC-ED055-0006,UNIT-ED055-0001,,
HBA-ED055-00019,19,"Private rule packs, material libraries, component libraries, owner requirements, project values, and private templates remain user-controlled unless intentionally exported or contributed with documented rights.","@repo/execution/PKG-08_Reporting, Audit, and Reproducibility/1_Working/DEL-08-06_State, comparison, and handoff report sections/Datasheet.md:L37|_Decomposition/source_review_html/SRC-DEL-DEL-08-06-STATE-COMPARISON-AND-HANDOFF-REPORT-SECTIONS.html#SEC-ED055-0006",dcc209678aa8,IN,SEC-ED055-0006,UNIT-ED055-0001,,
HBA-ED055-00020,20,"Missing solve-required or rule-check-required values remain explicit findings, not defaults.","@repo/execution/PKG-08_Reporting, Audit, and Reproducibility/1_Working/DEL-08-06_State, comparison, and handoff report sections/Datasheet.md:L38|_Decomposition/source_review_html/SRC-DEL-DEL-08-06-STATE-COMPARISON-AND-HANDOFF-REPORT-SECTIONS.html#SEC-ED055-0006",97b554a3e99c,IN,SEC-ED055-0006,UNIT-ED055-0001,,
HBA-ED055-00021,21,Runtime and code locations for DEL-08-06 are TBD because no deliverable-specific implementation files are defined by the accessible sources.,"@repo/execution/PKG-08_Reporting, Audit, and Reproducibility/1_Working/DEL-08-06_State, comparison, and handoff report sections/Datasheet.md:L39|_Decomposition/source_review_html/SRC-DEL-DEL-08-06-STATE-COMPARISON-AND-HANDOFF-REPORT-SECTIONS.html#SEC-ED055-0006",ec3411c98f92,TBD,SEC-ED055-0006,UNIT-ED055-0001,,
HBA-ED055-00022,22,"State/run report sections reference immutable model states and analysis runs, including hashes, warnings, assumptions, diagnostics, source notes, and relevant result/report payload references.","@repo/execution/PKG-08_Reporting, Audit, and Reproducibility/1_Working/DEL-08-06_State, comparison, and handoff report sections/Datasheet.md:L45|_Decomposition/source_review_html/SRC-DEL-DEL-08-06-STATE-COMPARISON-AND-HANDOFF-REPORT-SECTIONS.html#SEC-ED055-0007",af2d98263e67,IN,SEC-ED055-0007,UNIT-ED055-0001,,
HBA-ED055-00023,23,"The comparison report section covers deterministic model-state and/or analysis-run comparison records using stable IDs, mappings where required, units, diagnostics, and tolerance/profile references when available.","@repo/execution/PKG-08_Reporting, Audit, and Reproducibility/1_Working/DEL-08-06_State, comparison, and handoff report sections/Datasheet.md:L46|_Decomposition/source_review_html/SRC-DEL-DEL-08-06-STATE-COMPARISON-AND-HANDOFF-REPORT-SECTIONS.html#SEC-ED055-0007",b0715078896c,IN,SEC-ED055-0007,UNIT-ED055-0001,,
HBA-ED055-00024,24,"The handoff manifest report section references handoff package manifest data, units, entity IDs, library/rule references, unresolved assumptions, warnings, target mapping metadata, unsupported-target flags, and external-prover boundary metadata when available.","@repo/execution/PKG-08_Reporting, Audit, and Reproducibility/1_Working/DEL-08-06_State, comparison, and handoff report sections/Datasheet.md:L47|_Decomposition/source_review_html/SRC-DEL-DEL-08-06-STATE-COMPARISON-AND-HANDOFF-REPORT-SECTIONS.html#SEC-ED055-0007",71618e5c57bf,IN,SEC-ED055-0007,UNIT-ED055-0001,,
HBA-ED055-00025,25,"ASSUMPTION: DEL-08-06 consumes report generator, audit manifest, report-section, result export, protected-content linter, redaction/export, state/run/comparison, and handoff records through schema-first service boundaries, with exact API names TBD.","@repo/execution/PKG-08_Reporting, Audit, and Reproducibility/1_Working/DEL-08-06_State, comparison, and handoff report sections/Datasheet.md:L48|_Decomposition/source_review_html/SRC-DEL-DEL-08-06-STATE-COMPARISON-AND-HANDOFF-REPORT-SECTIONS.html#SEC-ED055-0007",cd8a59fa9ea7,IN,SEC-ED055-0007,UNIT-ED055-0001,,
HBA-ED055-00026,26,"Expected tests for DEL-08-06 should verify section assembly, boundary wording, protected-content avoidance, provenance/checksum preservation, unit metadata handling, and missing-data reporting, but concrete test paths are TBD.","@repo/execution/PKG-08_Reporting, Audit, and Reproducibility/1_Working/DEL-08-06_State, comparison, and handoff report sections/Datasheet.md:L49|_Decomposition/source_review_html/SRC-DEL-DEL-08-06-STATE-COMPARISON-AND-HANDOFF-REPORT-SECTIONS.html#SEC-ED055-0007",f423c40cbd2a,TBD,SEC-ED055-0007,UNIT-ED055-0001,,
HBA-ED055-00027,27,"DEL-08-06 exists to make state/run records, deterministic comparisons, and handoff manifests visible in auditable calculation reports while preserving that software output is decision support, not professional validation.","@repo/execution/PKG-08_Reporting, Audit, and Reproducibility/1_Working/DEL-08-06_State, comparison, and handoff report sections/Guidance.md:L5|_Decomposition/source_review_html/SRC-DEL-DEL-08-06-STATE-COMPARISON-AND-HANDOFF-REPORT-SECTIONS.html#SEC-ED055-0011",aa0dbdf17594,IN,SEC-ED055-0011,UNIT-ED055-0001,,
HBA-ED055-00028,28,"Report from records: treat model states, analysis runs, comparisons, and handoff manifests as source records referenced by stable IDs, hashes, checksums, provenance, review state, and privacy classification where available.","@repo/execution/PKG-08_Reporting, Audit, and Reproducibility/1_Working/DEL-08-06_State, comparison, and handoff report sections/Guidance.md:L11|_Decomposition/source_review_html/SRC-DEL-DEL-08-06-STATE-COMPARISON-AND-HANDOFF-REPORT-SECTIONS.html#SEC-ED055-0012",e31d75d3cfd8,IN,SEC-ED055-0012,UNIT-ED055-0001,,
HBA-ED055-00029,29,"Keep missing data visible: missing solve-required or rule-check-required values should become explicit findings, warnings, limitations, unresolved TBDs, or human-review-needed findings.","@repo/execution/PKG-08_Reporting, Audit, and Reproducibility/1_Working/DEL-08-06_State, comparison, and handoff report sections/Guidance.md:L12|_Decomposition/source_review_html/SRC-DEL-DEL-08-06-STATE-COMPARISON-AND-HANDOFF-REPORT-SECTIONS.html#SEC-ED055-0012",277e2c0ffd83,IN,SEC-ED055-0012,UNIT-ED055-0001,,
HBA-ED055-00030,30,"Do not turn reports into approval records: state/run, comparison, and handoff sections must not claim certification, sealing, approval, authentication, endorsement, code compliance, or professional reliance.","@repo/execution/PKG-08_Reporting, Audit, and Reproducibility/1_Working/DEL-08-06_State, comparison, and handoff report sections/Guidance.md:L13|_Decomposition/source_review_html/SRC-DEL-DEL-08-06-STATE-COMPARISON-AND-HANDOFF-REPORT-SECTIONS.html#SEC-ED055-0012",0992447c774f,IN,SEC-ED055-0012,UNIT-ED055-0001,,
HBA-ED055-00031,31,Preserve source envelopes: prefer references to source envelopes and manifests over copying private payloads or engineering values into public artifacts.,"@repo/execution/PKG-08_Reporting, Audit, and Reproducibility/1_Working/DEL-08-06_State, comparison, and handoff report sections/Guidance.md:L14|_Decomposition/source_review_html/SRC-DEL-DEL-08-06-STATE-COMPARISON-AND-HANDOFF-REPORT-SECTIONS.html#SEC-ED055-0012",b5dc53a2eca3,IN,SEC-ED055-0012,UNIT-ED055-0001,,
HBA-ED055-00032,32,"Separate public examples from private data: public fixtures should be original or invented, and private values, rule-pack payloads, library content, protected standards text, and proprietary formulas should not be copied into public report artifacts.","@repo/execution/PKG-08_Reporting, Audit, and Reproducibility/1_Working/DEL-08-06_State, comparison, and handoff report sections/Guidance.md:L15|_Decomposition/source_review_html/SRC-DEL-DEL-08-06-STATE-COMPARISON-AND-HANDOFF-REPORT-SECTIONS.html#SEC-ED055-0012",12650f39dec8,IN,SEC-ED055-0012,UNIT-ED055-0001,,
HBA-ED055-00033,33,"Treat handoff as traceability, not acceptance: unsupported-target flags and external-prover metadata do not create automatic professional acceptance.","@repo/execution/PKG-08_Reporting, Audit, and Reproducibility/1_Working/DEL-08-06_State, comparison, and handoff report sections/Guidance.md:L16|_Decomposition/source_review_html/SRC-DEL-DEL-08-06-STATE-COMPARISON-AND-HANDOFF-REPORT-SECTIONS.html#SEC-ED055-0012",2f6b33ed2f16,IN,SEC-ED055-0012,UNIT-ED055-0001,,
HBA-ED055-00034,34,"Upstream evidence surfaces in Dependencies.csv (report generator, audit manifest, warnings/provenance, result export, linters, redaction/export, state/run, comparison, handoff, export workflow, external-prover metadata) are preserved as ACTIVE and not reclassified in this setup pass.","@repo/execution/PKG-08_Reporting, Audit, and Reproducibility/1_Working/DEL-08-06_State, comparison, and handoff report sections/Guidance.md:L20|_Decomposition/source_review_html/SRC-DEL-DEL-08-06-STATE-COMPARISON-AND-HANDOFF-REPORT-SECTIONS.html#SEC-ED055-0013",5568583f08a4,IN,SEC-ED055-0013,UNIT-ED055-0001,,
HBA-ED055-00035,35,"ASSUMPTION: the future implementation should assemble sections from schema-first records rather than from unstructured text scraping, with exact code interfaces TBD.","@repo/execution/PKG-08_Reporting, Audit, and Reproducibility/1_Working/DEL-08-06_State, comparison, and handoff report sections/Guidance.md:L21|_Decomposition/source_review_html/SRC-DEL-DEL-08-06-STATE-COMPARISON-AND-HANDOFF-REPORT-SECTIONS.html#SEC-ED055-0013",bb05db1569fe,IN,SEC-ED055-0013,UNIT-ED055-0001,,
HBA-ED055-00036,36,"A deterministic comparison can show changes and deltas but does not prove external validation or acceptance, so comparison wording should remain diagnostic/audit-oriented.","@repo/execution/PKG-08_Reporting, Audit, and Reproducibility/1_Working/DEL-08-06_State, comparison, and handoff report sections/Guidance.md:L22|_Decomposition/source_review_html/SRC-DEL-DEL-08-06-STATE-COMPARISON-AND-HANDOFF-REPORT-SECTIONS.html#SEC-ED055-0013",8eea618d73b9,IN,SEC-ED055-0013,UNIT-ED055-0001,,
HBA-ED055-00037,37,Handoff wording should expose target mapping metadata and unsupported-target flags when available and should not imply a downstream tool or human has approved the model.,"@repo/execution/PKG-08_Reporting, Audit, and Reproducibility/1_Working/DEL-08-06_State, comparison, and handoff report sections/Guidance.md:L23|_Decomposition/source_review_html/SRC-DEL-DEL-08-06-STATE-COMPARISON-AND-HANDOFF-REPORT-SECTIONS.html#SEC-ED055-0013",1304edc506b6,IN,SEC-ED055-0013,UNIT-ED055-0001,,
HBA-ED055-00038,38,"Exact boundary-notice wording remains TBD until the professional-claims policy deliverable and report templates are accepted, though notices should be stable enough for tests.","@repo/execution/PKG-08_Reporting, Audit, and Reproducibility/1_Working/DEL-08-06_State, comparison, and handoff report sections/Guidance.md:L24|_Decomposition/source_review_html/SRC-DEL-DEL-08-06-STATE-COMPARISON-AND-HANDOFF-REPORT-SECTIONS.html#SEC-ED055-0013",ed14fbb8ee1f,TBD,SEC-ED055-0013,UNIT-ED055-0001,,
HBA-ED055-00039,39,Protected-content linter output is review evidence only; a clean finding is not legal clearance or professional clearance.,"@repo/execution/PKG-08_Reporting, Audit, and Reproducibility/1_Working/DEL-08-06_State, comparison, and handoff report sections/Guidance.md:L25|_Decomposition/source_review_html/SRC-DEL-DEL-08-06-STATE-COMPARISON-AND-HANDOFF-REPORT-SECTIONS.html#SEC-ED055-0013",1c9cc8ce0d94,IN,SEC-ED055-0013,UNIT-ED055-0001,,
HBA-ED055-00040,40,"Detail vs leakage trade-off: prefer identifiers, checksums, source notes, review state, and privacy classification over copying formulas, tables, private values, or private payloads.","@repo/execution/PKG-08_Reporting, Audit, and Reproducibility/1_Working/DEL-08-06_State, comparison, and handoff report sections/Guidance.md:L31|_Decomposition/source_review_html/SRC-DEL-DEL-08-06-STATE-COMPARISON-AND-HANDOFF-REPORT-SECTIONS.html#SEC-ED055-0014",56f46e1cce27,IN,SEC-ED055-0014,UNIT-ED055-0001,,
HBA-ED055-00041,41,Readability vs traceability trade-off: preserve stable structured fields first; rendered prose can summarize but should not drop provenance or warning semantics.,"@repo/execution/PKG-08_Reporting, Audit, and Reproducibility/1_Working/DEL-08-06_State, comparison, and handoff report sections/Guidance.md:L32|_Decomposition/source_review_html/SRC-DEL-DEL-08-06-STATE-COMPARISON-AND-HANDOFF-REPORT-SECTIONS.html#SEC-ED055-0014",d07d442e8857,IN,SEC-ED055-0014,UNIT-ED055-0001,,
HBA-ED055-00042,42,"Comparison completeness vs false authority trade-off: present deterministic comparison findings and unresolved mappings without declaring acceptance, validation, or compliance.","@repo/execution/PKG-08_Reporting, Audit, and Reproducibility/1_Working/DEL-08-06_State, comparison, and handoff report sections/Guidance.md:L33|_Decomposition/source_review_html/SRC-DEL-DEL-08-06-STATE-COMPARISON-AND-HANDOFF-REPORT-SECTIONS.html#SEC-ED055-0014",e3732f53bdde,IN,SEC-ED055-0014,UNIT-ED055-0001,,
HBA-ED055-00043,43,Handoff usefulness vs unsupported-target risk trade-off: expose unsupported or approximate target behavior instead of hiding loss of fidelity.,"@repo/execution/PKG-08_Reporting, Audit, and Reproducibility/1_Working/DEL-08-06_State, comparison, and handoff report sections/Guidance.md:L34|_Decomposition/source_review_html/SRC-DEL-DEL-08-06-STATE-COMPARISON-AND-HANDOFF-REPORT-SECTIONS.html#SEC-ED055-0014",c5c036744675,IN,SEC-ED055-0014,UNIT-ED055-0001,,
HBA-ED055-00044,44,"Implementation speed vs report safety trade-off: keep exact APIs and layout TBD until source contracts are available, and do not infer product code from decomposition text alone.","@repo/execution/PKG-08_Reporting, Audit, and Reproducibility/1_Working/DEL-08-06_State, comparison, and handoff report sections/Guidance.md:L35|_Decomposition/source_review_html/SRC-DEL-DEL-08-06-STATE-COMPARISON-AND-HANDOFF-REPORT-SECTIONS.html#SEC-ED055-0014",28d282efe09f,IN,SEC-ED055-0014,UNIT-ED055-0001,,
HBA-ED055-00045,45,"No authoritative examples are available in the accessible source set; future public fixtures should be invented or permitted, include provenance/review notes, and avoid protected/proprietary/private content and real secrets.","@repo/execution/PKG-08_Reporting, Audit, and Reproducibility/1_Working/DEL-08-06_State, comparison, and handoff report sections/Guidance.md:L39|_Decomposition/source_review_html/SRC-DEL-DEL-08-06-STATE-COMPARISON-AND-HANDOFF-REPORT-SECTIONS.html#SEC-ED055-0015",ce08154fb5e0,IN,SEC-ED055-0015,UNIT-ED055-0001,,
HBA-ED055-00046,46,No source conflicts were identified during the P1/P2 setup pass for DEL-08-06.,"@repo/execution/PKG-08_Reporting, Audit, and Reproducibility/1_Working/DEL-08-06_State, comparison, and handoff report sections/Guidance.md:L45|_Decomposition/source_review_html/SRC-DEL-DEL-08-06-STATE-COMPARISON-AND-HANDOFF-REPORT-SECTIONS.html#SEC-ED055-0016",73f148703b34,IN,SEC-ED055-0016,UNIT-ED055-0001,,
HBA-ED055-00047,47,"The DEL-08-06 procedure defines how to produce and verify state/run, comparison, and handoff manifest report sections without inventing implementation evidence, engineering values, standards text, or product code.","@repo/execution/PKG-08_Reporting, Audit, and Reproducibility/1_Working/DEL-08-06_State, comparison, and handoff report sections/Procedure.md:L5|_Decomposition/source_review_html/SRC-DEL-DEL-08-06-STATE-COMPARISON-AND-HANDOFF-REPORT-SECTIONS.html#SEC-ED055-0019",72e4c1c33913,IN,SEC-ED055-0019,UNIT-ED055-0001,,
HBA-ED055-00048,48,"Prerequisite: deliverable context files (_CONTEXT.md, _REFERENCES.md, _DEPENDENCIES.md, _STATUS.md, Dependencies.csv) are available in the deliverable folder.","@repo/execution/PKG-08_Reporting, Audit, and Reproducibility/1_Working/DEL-08-06_State, comparison, and handoff report sections/Procedure.md:L11|_Decomposition/source_review_html/SRC-DEL-DEL-08-06-STATE-COMPARISON-AND-HANDOFF-REPORT-SECTIONS.html#SEC-ED055-0020",94cbcdb43dc0,IN,SEC-ED055-0020,UNIT-ED055-0001,,
HBA-ED055-00049,49,Prerequisite: report sections integrate with report generator conventions (Dependencies.csv row DAG-002-E0855).,"@repo/execution/PKG-08_Reporting, Audit, and Reproducibility/1_Working/DEL-08-06_State, comparison, and handoff report sections/Procedure.md:L12|_Decomposition/source_review_html/SRC-DEL-DEL-08-06-STATE-COMPARISON-AND-HANDOFF-REPORT-SECTIONS.html#SEC-ED055-0020",f8e3b0d253c6,IN,SEC-ED055-0020,UNIT-ED055-0001,,
HBA-ED055-00050,50,Prerequisite: audit manifest and model-hash conventions are available (Dependencies.csv row DAG-002-E0856).,"@repo/execution/PKG-08_Reporting, Audit, and Reproducibility/1_Working/DEL-08-06_State, comparison, and handoff report sections/Procedure.md:L13|_Decomposition/source_review_html/SRC-DEL-DEL-08-06-STATE-COMPARISON-AND-HANDOFF-REPORT-SECTIONS.html#SEC-ED055-0020",b5cef8c73f9b,IN,SEC-ED055-0020,UNIT-ED055-0001,,
HBA-ED055-00051,51,"Prerequisite: warnings, assumptions, provenance notes, limitations, unresolved TBDs, and human-review-needed findings are represented (Dependencies.csv row DAG-002-E0857).","@repo/execution/PKG-08_Reporting, Audit, and Reproducibility/1_Working/DEL-08-06_State, comparison, and handoff report sections/Procedure.md:L14|_Decomposition/source_review_html/SRC-DEL-DEL-08-06-STATE-COMPARISON-AND-HANDOFF-REPORT-SECTIONS.html#SEC-ED055-0020",ac2e40bffb86,IN,SEC-ED055-0020,UNIT-ED055-0001,,
HBA-ED055-00052,52,Prerequisite: result export envelopes are available for report consumption (Dependencies.csv row DAG-002-E0858).,"@repo/execution/PKG-08_Reporting, Audit, and Reproducibility/1_Working/DEL-08-06_State, comparison, and handoff report sections/Procedure.md:L15|_Decomposition/source_review_html/SRC-DEL-DEL-08-06-STATE-COMPARISON-AND-HANDOFF-REPORT-SECTIONS.html#SEC-ED055-0020",1f0a9211e21a,IN,SEC-ED055-0020,UNIT-ED055-0001,,
HBA-ED055-00053,53,Prerequisite: protected-content linter controls and private redaction/export controls are available or explicitly marked TBD (Dependencies.csv rows DAG-002-E0859 and E0860).,"@repo/execution/PKG-08_Reporting, Audit, and Reproducibility/1_Working/DEL-08-06_State, comparison, and handoff report sections/Procedure.md:L16|_Decomposition/source_review_html/SRC-DEL-DEL-08-06-STATE-COMPARISON-AND-HANDOFF-REPORT-SECTIONS.html#SEC-ED055-0020",30024651fd96,IN,SEC-ED055-0020,UNIT-ED055-0001,,
HBA-ED055-00054,54,"Prerequisite: immutable model states, analysis runs, state comparisons, run comparisons, and comparison export contracts are available or explicitly marked TBD (Dependencies.csv rows DAG-002-E0861 through E0865).","@repo/execution/PKG-08_Reporting, Audit, and Reproducibility/1_Working/DEL-08-06_State, comparison, and handoff report sections/Procedure.md:L17|_Decomposition/source_review_html/SRC-DEL-DEL-08-06-STATE-COMPARISON-AND-HANDOFF-REPORT-SECTIONS.html#SEC-ED055-0020",d59aa1f927fc,IN,SEC-ED055-0020,UNIT-ED055-0001,,
HBA-ED055-00055,55,"Prerequisite: handoff package manifests, export workflow records, and external-prover boundary metadata are available or explicitly marked TBD (Dependencies.csv rows DAG-002-E0866 through E0868).","@repo/execution/PKG-08_Reporting, Audit, and Reproducibility/1_Working/DEL-08-06_State, comparison, and handoff report sections/Procedure.md:L18|_Decomposition/source_review_html/SRC-DEL-DEL-08-06-STATE-COMPARISON-AND-HANDOFF-REPORT-SECTIONS.html#SEC-ED055-0020",ff442fa83146,IN,SEC-ED055-0020,UNIT-ED055-0001,,
HBA-ED055-00056,56,Prerequisite: professional/IP boundary wording and public/private content controls are applied.,"@repo/execution/PKG-08_Reporting, Audit, and Reproducibility/1_Working/DEL-08-06_State, comparison, and handoff report sections/Procedure.md:L19|_Decomposition/source_review_html/SRC-DEL-DEL-08-06-STATE-COMPARISON-AND-HANDOFF-REPORT-SECTIONS.html#SEC-ED055-0020",09fb0afe5806,IN,SEC-ED055-0020,UNIT-ED055-0001,,
HBA-ED055-00057,57,Step: confirm the deliverable identity is DEL-08-06 and the package is PKG-08.,"@repo/execution/PKG-08_Reporting, Audit, and Reproducibility/1_Working/DEL-08-06_State, comparison, and handoff report sections/Procedure.md:L23|_Decomposition/source_review_html/SRC-DEL-DEL-08-06-STATE-COMPARISON-AND-HANDOFF-REPORT-SECTIONS.html#SEC-ED055-0021",71c7b8e5efbf,IN,SEC-ED055-0021,UNIT-ED055-0001,,
HBA-ED055-00058,58,"Step: read current source contracts for report generation, audit manifests, report sections, result exports, protected-content linting, state/run records, comparison records, handoff package manifests, export workflows, and external-prover metadata.","@repo/execution/PKG-08_Reporting, Audit, and Reproducibility/1_Working/DEL-08-06_State, comparison, and handoff report sections/Procedure.md:L24|_Decomposition/source_review_html/SRC-DEL-DEL-08-06-STATE-COMPARISON-AND-HANDOFF-REPORT-SECTIONS.html#SEC-ED055-0021",32fdb590ea5e,IN,SEC-ED055-0021,UNIT-ED055-0001,,
HBA-ED055-00059,59,"Step: define state/run report-section inputs as references to immutable model-state and analysis-run records, including stable IDs, model/run basis, hashes, solver version stamps, settings, units, load cases, diagnostics, warnings, assumptions, rule/library references, result hashes, and source/provenance notes.","@repo/execution/PKG-08_Reporting, Audit, and Reproducibility/1_Working/DEL-08-06_State, comparison, and handoff report sections/Procedure.md:L25|_Decomposition/source_review_html/SRC-DEL-DEL-08-06-STATE-COMPARISON-AND-HANDOFF-REPORT-SECTIONS.html#SEC-ED055-0021",74765de016ce,IN,SEC-ED055-0021,UNIT-ED055-0001,,
HBA-ED055-00060,60,"Step: define comparison report-section inputs as references to deterministic state/run comparison records, including stable IDs, manual mappings where required, unmatched classifications, unit-normalized deltas, tolerance/profile references, diagnostics, settings, and source/provenance notes.","@repo/execution/PKG-08_Reporting, Audit, and Reproducibility/1_Working/DEL-08-06_State, comparison, and handoff report sections/Procedure.md:L26|_Decomposition/source_review_html/SRC-DEL-DEL-08-06-STATE-COMPARISON-AND-HANDOFF-REPORT-SECTIONS.html#SEC-ED055-0021",a40b99e48b39,IN,SEC-ED055-0021,UNIT-ED055-0001,,
HBA-ED055-00061,61,"Step: define handoff manifest report-section inputs as references to handoff package records, including model hash, units manifest, entity IDs, library/rule references, unresolved assumptions, warnings, target mapping metadata, unsupported-target flags, export workflow records, and external-prover boundary metadata.","@repo/execution/PKG-08_Reporting, Audit, and Reproducibility/1_Working/DEL-08-06_State, comparison, and handoff report sections/Procedure.md:L27|_Decomposition/source_review_html/SRC-DEL-DEL-08-06-STATE-COMPARISON-AND-HANDOFF-REPORT-SECTIONS.html#SEC-ED055-0021",d894e5657d03,IN,SEC-ED055-0021,UNIT-ED055-0001,,
HBA-ED055-00062,62,"Step: for every engineering-value field, confirm unit/dimensional metadata, provenance, review state, privacy classification, and source envelope evidence; if evidence is absent, emit an explicit finding or TBD rather than a default.","@repo/execution/PKG-08_Reporting, Audit, and Reproducibility/1_Working/DEL-08-06_State, comparison, and handoff report sections/Procedure.md:L28|_Decomposition/source_review_html/SRC-DEL-DEL-08-06-STATE-COMPARISON-AND-HANDOFF-REPORT-SECTIONS.html#SEC-ED055-0021",57b1407143a5,IN,SEC-ED055-0021,UNIT-ED055-0001,,
HBA-ED055-00063,63,"Step: apply professional-boundary wording so sections may support human review but must not state or imply software-generated code compliance, approval, certification, sealing, authentication, endorsement, or professional reliance.","@repo/execution/PKG-08_Reporting, Audit, and Reproducibility/1_Working/DEL-08-06_State, comparison, and handoff report sections/Procedure.md:L29|_Decomposition/source_review_html/SRC-DEL-DEL-08-06-STATE-COMPARISON-AND-HANDOFF-REPORT-SECTIONS.html#SEC-ED055-0021",6d81663413b1,IN,SEC-ED055-0021,UNIT-ED055-0001,,
HBA-ED055-00064,64,"Step: apply public/private and protected-content boundaries so public sections, templates, examples, and fixtures avoid protected standards text, protected tables/examples, proprietary formulas, proprietary engineering values, private project data, private rule-pack payloads, private library content, and real secrets.","@repo/execution/PKG-08_Reporting, Audit, and Reproducibility/1_Working/DEL-08-06_State, comparison, and handoff report sections/Procedure.md:L30|_Decomposition/source_review_html/SRC-DEL-DEL-08-06-STATE-COMPARISON-AND-HANDOFF-REPORT-SECTIONS.html#SEC-ED055-0021",3add9f87e70c,IN,SEC-ED055-0021,UNIT-ED055-0001,,
HBA-ED055-00065,65,Step: preserve deterministic ordering and stable references so repeated generation from identical source envelopes produces repeatable output.,"@repo/execution/PKG-08_Reporting, Audit, and Reproducibility/1_Working/DEL-08-06_State, comparison, and handoff report sections/Procedure.md:L31|_Decomposition/source_review_html/SRC-DEL-DEL-08-06-STATE-COMPARISON-AND-HANDOFF-REPORT-SECTIONS.html#SEC-ED055-0021",f98412354911,IN,SEC-ED055-0021,UNIT-ED055-0001,,
HBA-ED055-00066,66,"Step: record unresolved implementation decisions as TBD, including concrete code paths, schema fragments, API names, report layout, final notice wording, release thresholds, and external transport/export details.","@repo/execution/PKG-08_Reporting, Audit, and Reproducibility/1_Working/DEL-08-06_State, comparison, and handoff report sections/Procedure.md:L32|_Decomposition/source_review_html/SRC-DEL-DEL-08-06-STATE-COMPARISON-AND-HANDOFF-REPORT-SECTIONS.html#SEC-ED055-0021",7a911cd53839,IN,SEC-ED055-0021,UNIT-ED055-0001,,
HBA-ED055-00067,67,"Verification: state/run, comparison, and handoff report-section artifacts are represented (scope completeness check).","@repo/execution/PKG-08_Reporting, Audit, and Reproducibility/1_Working/DEL-08-06_State, comparison, and handoff report sections/Procedure.md:L38|_Decomposition/source_review_html/SRC-DEL-DEL-08-06-STATE-COMPARISON-AND-HANDOFF-REPORT-SECTIONS.html#SEC-ED055-0022",3d13e3fdc41b,IN,SEC-ED055-0022,UNIT-ED055-0001,,
HBA-ED055-00068,68,"Verification: SOW-024 content (inputs, sources, warnings, assumptions, results, rule-pack checksums, limitations) is present or explicitly marked TBD.","@repo/execution/PKG-08_Reporting, Audit, and Reproducibility/1_Working/DEL-08-06_State, comparison, and handoff report sections/Procedure.md:L39|_Decomposition/source_review_html/SRC-DEL-DEL-08-06-STATE-COMPARISON-AND-HANDOFF-REPORT-SECTIONS.html#SEC-ED055-0022",575d4265eb7e,IN,SEC-ED055-0022,UNIT-ED055-0001,,
HBA-ED055-00069,69,"Verification: no automatic professional approval, certification, sealing, authentication, endorsement, code-compliance, or reliance claim is emitted (boundary wording check).","@repo/execution/PKG-08_Reporting, Audit, and Reproducibility/1_Working/DEL-08-06_State, comparison, and handoff report sections/Procedure.md:L40|_Decomposition/source_review_html/SRC-DEL-DEL-08-06-STATE-COMPARISON-AND-HANDOFF-REPORT-SECTIONS.html#SEC-ED055-0022",9ae2309ceb30,IN,SEC-ED055-0022,UNIT-ED055-0001,,
HBA-ED055-00070,70,"Verification: missing solve-required or rule-check-required values become explicit findings, warnings, limitations, unresolved TBDs, or human-review-needed findings.","@repo/execution/PKG-08_Reporting, Audit, and Reproducibility/1_Working/DEL-08-06_State, comparison, and handoff report sections/Procedure.md:L41|_Decomposition/source_review_html/SRC-DEL-DEL-08-06-STATE-COMPARISON-AND-HANDOFF-REPORT-SECTIONS.html#SEC-ED055-0022",3730de5f7038,IN,SEC-ED055-0022,UNIT-ED055-0001,,
HBA-ED055-00071,71,Verification: numeric values carry unit/dimensional metadata and provenance or explicit diagnostics.,"@repo/execution/PKG-08_Reporting, Audit, and Reproducibility/1_Working/DEL-08-06_State, comparison, and handoff report sections/Procedure.md:L42|_Decomposition/source_review_html/SRC-DEL-DEL-08-06-STATE-COMPARISON-AND-HANDOFF-REPORT-SECTIONS.html#SEC-ED055-0022",aacb1195a82d,IN,SEC-ED055-0022,UNIT-ED055-0001,,
HBA-ED055-00072,72,"Verification: public report surfaces avoid protected/private content and preserve only permitted references, checksums, and source notes.","@repo/execution/PKG-08_Reporting, Audit, and Reproducibility/1_Working/DEL-08-06_State, comparison, and handoff report sections/Procedure.md:L43|_Decomposition/source_review_html/SRC-DEL-DEL-08-06-STATE-COMPARISON-AND-HANDOFF-REPORT-SECTIONS.html#SEC-ED055-0022",c205cf0c13f2,IN,SEC-ED055-0022,UNIT-ED055-0001,,
HBA-ED055-00073,73,Verification: repeated section generation from identical source envelopes is stable (determinism check).,"@repo/execution/PKG-08_Reporting, Audit, and Reproducibility/1_Working/DEL-08-06_State, comparison, and handoff report sections/Procedure.md:L44|_Decomposition/source_review_html/SRC-DEL-DEL-08-06-STATE-COMPARISON-AND-HANDOFF-REPORT-SECTIONS.html#SEC-ED055-0022",7e27aa56884f,IN,SEC-ED055-0022,UNIT-ED055-0001,,
HBA-ED055-00074,74,Verification: approved DAG-002 rows in Dependencies.csv remain ACTIVE and unmodified unless a later human-approved reconciliation changes the mirror.,"@repo/execution/PKG-08_Reporting, Audit, and Reproducibility/1_Working/DEL-08-06_State, comparison, and handoff report sections/Procedure.md:L45|_Decomposition/source_review_html/SRC-DEL-DEL-08-06-STATE-COMPARISON-AND-HANDOFF-REPORT-SECTIONS.html#SEC-ED055-0022",df0de2c4d032,IN,SEC-ED055-0022,UNIT-ED055-0001,,
HBA-ED055-00075,75,"Records: Datasheet.md, Specification.md, Guidance.md, and Procedure.md provide setup context for DEL-08-06.","@repo/execution/PKG-08_Reporting, Audit, and Reproducibility/1_Working/DEL-08-06_State, comparison, and handoff report sections/Procedure.md:L49|_Decomposition/source_review_html/SRC-DEL-DEL-08-06-STATE-COMPARISON-AND-HANDOFF-REPORT-SECTIONS.html#SEC-ED055-0023",62e3ac1dee6b,IN,SEC-ED055-0023,UNIT-ED055-0001,,
HBA-ED055-00076,76,"Records: _SEMANTIC.md and _SEMANTIC_LENSING.md provide semantic lensing, not engineering authority.","@repo/execution/PKG-08_Reporting, Audit, and Reproducibility/1_Working/DEL-08-06_State, comparison, and handoff report sections/Procedure.md:L50|_Decomposition/source_review_html/SRC-DEL-DEL-08-06-STATE-COMPARISON-AND-HANDOFF-REPORT-SECTIONS.html#SEC-ED055-0023",d11bc976c6e7,IN,SEC-ED055-0023,UNIT-ED055-0001,,
HBA-ED055-00077,77,Records: Dependencies.csv and _DEPENDENCIES.md serve as the approved DAG-006 local mirror and evidence surface.,"@repo/execution/PKG-08_Reporting, Audit, and Reproducibility/1_Working/DEL-08-06_State, comparison, and handoff report sections/Procedure.md:L51|_Decomposition/source_review_html/SRC-DEL-DEL-08-06-STATE-COMPARISON-AND-HANDOFF-REPORT-SECTIONS.html#SEC-ED055-0023",64720683cf47,IN,SEC-ED055-0023,UNIT-ED055-0001,,
HBA-ED055-00078,78,"Scope: DEL-08-06 covers backend report sections for state/run records, deterministic comparison records, and handoff manifest records supporting auditable calculation reports and preserving professional, IP, privacy, provenance, checksum, unit, and missing-data boundaries.","@repo/execution/PKG-08_Reporting, Audit, and Reproducibility/1_Working/DEL-08-06_State, comparison, and handoff report sections/Specification.md:L5|_Decomposition/source_review_html/SRC-DEL-DEL-08-06-STATE-COMPARISON-AND-HANDOFF-REPORT-SECTIONS.html#SEC-ED055-0026",e977769f136c,IN,SEC-ED055-0026,UNIT-ED055-0001,,
HBA-ED055-00079,79,"Exclusions: DEL-08-06 excludes final report styling/layout, GUI presentation, CLI runtime behavior, API transport, arbitrary project-file reading, solver-internal execution, protected-content linting implementation, private redaction/export control implementation, and any automatic professional approval or code-compliance status.","@repo/execution/PKG-08_Reporting, Audit, and Reproducibility/1_Working/DEL-08-06_State, comparison, and handoff report sections/Specification.md:L7|_Decomposition/source_review_html/SRC-DEL-DEL-08-06-STATE-COMPARISON-AND-HANDOFF-REPORT-SECTIONS.html#SEC-ED055-0026",fbaa09125a86,IN,SEC-ED055-0026,UNIT-ED055-0001,,
HBA-ED055-00080,80,"Implementation file paths, concrete API names, exact schema fragments, and dependency versions for DEL-08-06 are TBD unless later resolved by human-approved implementation work.","@repo/execution/PKG-08_Reporting, Audit, and Reproducibility/1_Working/DEL-08-06_State, comparison, and handoff report sections/Specification.md:L9|_Decomposition/source_review_html/SRC-DEL-DEL-08-06-STATE-COMPARISON-AND-HANDOFF-REPORT-SECTIONS.html#SEC-ED055-0026",70a5a6eae54a,TBD,SEC-ED055-0026,UNIT-ED055-0001,,
HBA-ED055-00081,81,"DEL-08-06-R1: the deliverable shall provide report-section behavior for model states, analysis runs, comparisons, and handoff manifests.","@repo/execution/PKG-08_Reporting, Audit, and Reproducibility/1_Working/DEL-08-06_State, comparison, and handoff report sections/Specification.md:L15|_Decomposition/source_review_html/SRC-DEL-DEL-08-06-STATE-COMPARISON-AND-HANDOFF-REPORT-SECTIONS.html#SEC-ED055-0027",8b1bcbac6baf,IN,SEC-ED055-0027,UNIT-ED055-0001,,
HBA-ED055-00082,82,"DEL-08-06-R2: report sections shall support SOW-024 content (inputs, sources, warnings, assumptions, results, rule-pack checksums, and limitations).","@repo/execution/PKG-08_Reporting, Audit, and Reproducibility/1_Working/DEL-08-06_State, comparison, and handoff report sections/Specification.md:L16|_Decomposition/source_review_html/SRC-DEL-DEL-08-06-STATE-COMPARISON-AND-HANDOFF-REPORT-SECTIONS.html#SEC-ED055-0027",a3a32422467c,IN,SEC-ED055-0027,UNIT-ED055-0001,,
HBA-ED055-00083,83,"DEL-08-06-R3: report sections shall preserve the professional boundary and shall not declare code compliance, certification, sealing, approval, authentication, endorsement, or professional reliance.","@repo/execution/PKG-08_Reporting, Audit, and Reproducibility/1_Working/DEL-08-06_State, comparison, and handoff report sections/Specification.md:L17|_Decomposition/source_review_html/SRC-DEL-DEL-08-06-STATE-COMPARISON-AND-HANDOFF-REPORT-SECTIONS.html#SEC-ED055-0027",f573b1b4cc36,IN,SEC-ED055-0027,UNIT-ED055-0001,,
HBA-ED055-00084,84,DEL-08-06-R4: software-generated analysis statuses used by report sections shall not include HUMAN_APPROVED_FOR_PROJECT or equivalent automatic human approval/professional reliance labels.,"@repo/execution/PKG-08_Reporting, Audit, and Reproducibility/1_Working/DEL-08-06_State, comparison, and handoff report sections/Specification.md:L18|_Decomposition/source_review_html/SRC-DEL-DEL-08-06-STATE-COMPARISON-AND-HANDOFF-REPORT-SECTIONS.html#SEC-ED055-0027",42e226aa5f2f,IN,SEC-ED055-0027,UNIT-ED055-0001,,
HBA-ED055-00085,85,"DEL-08-06-R5: missing solve-required or rule-check-required values shall remain explicit findings with diagnostics and provenance, not hidden defaults.","@repo/execution/PKG-08_Reporting, Audit, and Reproducibility/1_Working/DEL-08-06_State, comparison, and handoff report sections/Specification.md:L19|_Decomposition/source_review_html/SRC-DEL-DEL-08-06-STATE-COMPARISON-AND-HANDOFF-REPORT-SECTIONS.html#SEC-ED055-0027",cf516c454678,IN,SEC-ED055-0027,UNIT-ED055-0001,,
HBA-ED055-00086,86,DEL-08-06-R6: numeric values included through result/report references shall carry unit and dimensional metadata or explicit diagnostics from source envelopes.,"@repo/execution/PKG-08_Reporting, Audit, and Reproducibility/1_Working/DEL-08-06_State, comparison, and handoff report sections/Specification.md:L20|_Decomposition/source_review_html/SRC-DEL-DEL-08-06-STATE-COMPARISON-AND-HANDOFF-REPORT-SECTIONS.html#SEC-ED055-0027",044e27167132,IN,SEC-ED055-0027,UNIT-ED055-0001,,
HBA-ED055-00087,87,"DEL-08-06-R7: report sections shall preserve stable references, checksums, source notes, privacy classification, review state, and provenance for input/report/result payloads where available.","@repo/execution/PKG-08_Reporting, Audit, and Reproducibility/1_Working/DEL-08-06_State, comparison, and handoff report sections/Specification.md:L21|_Decomposition/source_review_html/SRC-DEL-DEL-08-06-STATE-COMPARISON-AND-HANDOFF-REPORT-SECTIONS.html#SEC-ED055-0027",d23b83452025,IN,SEC-ED055-0027,UNIT-ED055-0001,,
HBA-ED055-00088,88,"DEL-08-06-R8: public report sections, templates, fixtures, and examples shall not copy protected standards text, protected tables/examples, proprietary formulas, proprietary engineering values, private project data, private rule-pack payloads, private library content, or real secrets.","@repo/execution/PKG-08_Reporting, Audit, and Reproducibility/1_Working/DEL-08-06_State, comparison, and handoff report sections/Specification.md:L22|_Decomposition/source_review_html/SRC-DEL-DEL-08-06-STATE-COMPARISON-AND-HANDOFF-REPORT-SECTIONS.html#SEC-ED055-0027",39371694a79d,IN,SEC-ED055-0027,UNIT-ED055-0001,,
HBA-ED055-00089,89,"DEL-08-06-R9: report sections may reference private rule packs, libraries, owner requirements, and project values only by identifier, checksum, source note, privacy class, and review state when public/private boundaries require it.","@repo/execution/PKG-08_Reporting, Audit, and Reproducibility/1_Working/DEL-08-06_State, comparison, and handoff report sections/Specification.md:L23|_Decomposition/source_review_html/SRC-DEL-DEL-08-06-STATE-COMPARISON-AND-HANDOFF-REPORT-SECTIONS.html#SEC-ED055-0027",99cc8e73e86c,IN,SEC-ED055-0027,UNIT-ED055-0001,,
HBA-ED055-00090,90,"DEL-08-06-R10: state/run report sections shall consume immutable model-state and analysis-run records through stable record identities, hashes, warnings, assumptions, diagnostics, solver version, settings, units, load cases, results, rule/library refs, and result hashes where available.","@repo/execution/PKG-08_Reporting, Audit, and Reproducibility/1_Working/DEL-08-06_State, comparison, and handoff report sections/Specification.md:L24|_Decomposition/source_review_html/SRC-DEL-DEL-08-06-STATE-COMPARISON-AND-HANDOFF-REPORT-SECTIONS.html#SEC-ED055-0027",efbc09e53bc3,IN,SEC-ED055-0027,UNIT-ED055-0001,,
HBA-ED055-00091,91,"DEL-08-06-R11: comparison report sections shall preserve deterministic comparison semantics, including stable IDs, manual mappings where required, unit-normalized result deltas, tolerance/profile references, unmatched classifications, diagnostics, and settings where available.","@repo/execution/PKG-08_Reporting, Audit, and Reproducibility/1_Working/DEL-08-06_State, comparison, and handoff report sections/Specification.md:L25|_Decomposition/source_review_html/SRC-DEL-DEL-08-06-STATE-COMPARISON-AND-HANDOFF-REPORT-SECTIONS.html#SEC-ED055-0027",5c200ef9b6e2,IN,SEC-ED055-0027,UNIT-ED055-0001,,
HBA-ED055-00092,92,"DEL-08-06-R12: handoff manifest report sections shall preserve handoff package manifest data, model hash, units manifest, entity IDs, library/rule references, unresolved assumptions, warnings, target mapping metadata, unsupported-target flags, and external-prover boundary metadata where available.","@repo/execution/PKG-08_Reporting, Audit, and Reproducibility/1_Working/DEL-08-06_State, comparison, and handoff report sections/Specification.md:L26|_Decomposition/source_review_html/SRC-DEL-DEL-08-06-STATE-COMPARISON-AND-HANDOFF-REPORT-SECTIONS.html#SEC-ED055-0027",6534f864dfec,IN,SEC-ED055-0027,UNIT-ED055-0001,,
HBA-ED055-00093,93,"DEL-08-06-R13: report-section behavior shall remain behind schema-first service boundaries and shall not bypass governance, validation, diagnostics, privacy, protected-content, report, solver, rule, or human-acceptance boundaries.","@repo/execution/PKG-08_Reporting, Audit, and Reproducibility/1_Working/DEL-08-06_State, comparison, and handoff report sections/Specification.md:L27|_Decomposition/source_review_html/SRC-DEL-DEL-08-06-STATE-COMPARISON-AND-HANDOFF-REPORT-SECTIONS.html#SEC-ED055-0027",a34fdd23ace8,IN,SEC-ED055-0027,UNIT-ED055-0001,,
HBA-ED055-00094,94,DEL-08-06-R14: tests shall be layered and include report-relevant protected-content/provenance gates where applicable.,"@repo/execution/PKG-08_Reporting, Audit, and Reproducibility/1_Working/DEL-08-06_State, comparison, and handoff report sections/Specification.md:L28|_Decomposition/source_review_html/SRC-DEL-DEL-08-06-STATE-COMPARISON-AND-HANDOFF-REPORT-SECTIONS.html#SEC-ED055-0027",f4bce891ac27,IN,SEC-ED055-0027,UNIT-ED055-0001,,
HBA-ED055-00095,95,"Standard: JSON Schema 2020-12 contracts are applicable as architecture basis, with exact schema fragments for this deliverable TBD.","@repo/execution/PKG-08_Reporting, Audit, and Reproducibility/1_Working/DEL-08-06_State, comparison, and handoff report sections/Specification.md:L34|_Decomposition/source_review_html/SRC-DEL-DEL-08-06-STATE-COMPARISON-AND-HANDOFF-REPORT-SECTIONS.html#SEC-ED055-0028",5dab338ca321,IN,SEC-ED055-0028,UNIT-ED055-0001,,
HBA-ED055-00096,96,Standard: the JCS-compatible canonical JSON hash basis is applicable where JSON payloads are hashed; non-JSON/binary partitioning remains TBD.,"@repo/execution/PKG-08_Reporting, Audit, and Reproducibility/1_Working/DEL-08-06_State, comparison, and handoff report sections/Specification.md:L35|_Decomposition/source_review_html/SRC-DEL-DEL-08-06-STATE-COMPARISON-AND-HANDOFF-REPORT-SECTIONS.html#SEC-ED055-0028",9ea0197acc4a,IN,SEC-ED055-0028,UNIT-ED055-0001,,
HBA-ED055-00097,97,"Standard: the project invariant catalog applies for IP/data, report, authority, unit, and agent constraints.","@repo/execution/PKG-08_Reporting, Audit, and Reproducibility/1_Working/DEL-08-06_State, comparison, and handoff report sections/Specification.md:L36|_Decomposition/source_review_html/SRC-DEL-DEL-08-06-STATE-COMPARISON-AND-HANDOFF-REPORT-SECTIONS.html#SEC-ED055-0028",18be908b85ef,IN,SEC-ED055-0028,UNIT-ED055-0001,,
HBA-ED055-00098,98,Standard: the public/private report boundary policy applies for public report sections and examples.,"@repo/execution/PKG-08_Reporting, Audit, and Reproducibility/1_Working/DEL-08-06_State, comparison, and handoff report sections/Specification.md:L37|_Decomposition/source_review_html/SRC-DEL-DEL-08-06-STATE-COMPARISON-AND-HANDOFF-REPORT-SECTIONS.html#SEC-ED055-0028",7bc0b63f3c57,IN,SEC-ED055-0028,UNIT-ED055-0001,,
HBA-ED055-00099,99,Standard: protected standards or code-specific engineering standards text is not accessible and not to be reproduced; clause-level engineering requirements are TBD unless supplied through authorized user/private sources.,"@repo/execution/PKG-08_Reporting, Audit, and Reproducibility/1_Working/DEL-08-06_State, comparison, and handoff report sections/Specification.md:L38|_Decomposition/source_review_html/SRC-DEL-DEL-08-06-STATE-COMPARISON-AND-HANDOFF-REPORT-SECTIONS.html#SEC-ED055-0028",fc0ab03e4031,IN,SEC-ED055-0028,UNIT-ED055-0001,,
HBA-ED055-00100,100,"Verification topic: confirm state/run, comparison, and handoff report-section artifacts exist or are explicitly represented in tests (scope coverage).","@repo/execution/PKG-08_Reporting, Audit, and Reproducibility/1_Working/DEL-08-06_State, comparison, and handoff report sections/Specification.md:L44|_Decomposition/source_review_html/SRC-DEL-DEL-08-06-STATE-COMPARISON-AND-HANDOFF-REPORT-SECTIONS.html#SEC-ED055-0029",696f9c18f2b5,IN,SEC-ED055-0029,UNIT-ED055-0001,,
HBA-ED055-00101,101,"Verification topic: confirm SOW-024 content (inputs, sources, warnings, assumptions, results, rule-pack checksums, limitations) is represented.","@repo/execution/PKG-08_Reporting, Audit, and Reproducibility/1_Working/DEL-08-06_State, comparison, and handoff report sections/Specification.md:L45|_Decomposition/source_review_html/SRC-DEL-DEL-08-06-STATE-COMPARISON-AND-HANDOFF-REPORT-SECTIONS.html#SEC-ED055-0029",0cfc0972f08e,IN,SEC-ED055-0029,UNIT-ED055-0001,,
HBA-ED055-00102,102,"Verification topic: confirm generated wording cannot imply professional approval, certification, sealing, authentication, endorsement, code compliance, or reliance.","@repo/execution/PKG-08_Reporting, Audit, and Reproducibility/1_Working/DEL-08-06_State, comparison, and handoff report sections/Specification.md:L46|_Decomposition/source_review_html/SRC-DEL-DEL-08-06-STATE-COMPARISON-AND-HANDOFF-REPORT-SECTIONS.html#SEC-ED055-0029",443c85f3a258,IN,SEC-ED055-0029,UNIT-ED055-0001,,
HBA-ED055-00103,103,"Verification topic: confirm public sections, templates, and fixtures are scanned or reviewed for protected/private content risk.","@repo/execution/PKG-08_Reporting, Audit, and Reproducibility/1_Working/DEL-08-06_State, comparison, and handoff report sections/Specification.md:L47|_Decomposition/source_review_html/SRC-DEL-DEL-08-06-STATE-COMPARISON-AND-HANDOFF-REPORT-SECTIONS.html#SEC-ED055-0029",fffc7a94d420,IN,SEC-ED055-0029,UNIT-ED055-0001,,
HBA-ED055-00104,104,Verification topic: confirm numeric values carry unit/dimension metadata or diagnostics.,"@repo/execution/PKG-08_Reporting, Audit, and Reproducibility/1_Working/DEL-08-06_State, comparison, and handoff report sections/Specification.md:L48|_Decomposition/source_review_html/SRC-DEL-DEL-08-06-STATE-COMPARISON-AND-HANDOFF-REPORT-SECTIONS.html#SEC-ED055-0029",1a48d59fdad1,IN,SEC-ED055-0029,UNIT-ED055-0001,,
HBA-ED055-00105,105,"Verification topic: confirm source notes, checksum refs, review state, privacy class, and stable refs survive section assembly.","@repo/execution/PKG-08_Reporting, Audit, and Reproducibility/1_Working/DEL-08-06_State, comparison, and handoff report sections/Specification.md:L49|_Decomposition/source_review_html/SRC-DEL-DEL-08-06-STATE-COMPARISON-AND-HANDOFF-REPORT-SECTIONS.html#SEC-ED055-0029",8dac445bbdb7,IN,SEC-ED055-0029,UNIT-ED055-0001,,
HBA-ED055-00106,106,Verification topic: confirm comparison and section ordering are deterministic for identical source envelopes.,"@repo/execution/PKG-08_Reporting, Audit, and Reproducibility/1_Working/DEL-08-06_State, comparison, and handoff report sections/Specification.md:L50|_Decomposition/source_review_html/SRC-DEL-DEL-08-06-STATE-COMPARISON-AND-HANDOFF-REPORT-SECTIONS.html#SEC-ED055-0029",4733a3389b2b,IN,SEC-ED055-0029,UNIT-ED055-0001,,
HBA-ED055-00107,107,"Verification topic: confirm missing source values become explicit findings, warnings, limitations, or unresolved TBDs.","@repo/execution/PKG-08_Reporting, Audit, and Reproducibility/1_Working/DEL-08-06_State, comparison, and handoff report sections/Specification.md:L51|_Decomposition/source_review_html/SRC-DEL-DEL-08-06-STATE-COMPARISON-AND-HANDOFF-REPORT-SECTIONS.html#SEC-ED055-0029",e2e35c545e94,IN,SEC-ED055-0029,UNIT-ED055-0001,,
HBA-ED055-00108,108,"Expected DEL-08-06 records include state/run report sections, a comparison report section, and a handoff manifest report section.","@repo/execution/PKG-08_Reporting, Audit, and Reproducibility/1_Working/DEL-08-06_State, comparison, and handoff report sections/Specification.md:L57|_Decomposition/source_review_html/SRC-DEL-DEL-08-06-STATE-COMPARISON-AND-HANDOFF-REPORT-SECTIONS.html#SEC-ED055-0030",c3a103a5c846,IN,SEC-ED055-0030,UNIT-ED055-0001,,
HBA-ED055-00109,109,"Expected DEL-08-06 records include tests or review notes proving boundary wording, SOW-024 coverage, deterministic assembly, provenance/checksum preservation, and protected-content avoidance, plus source notes identifying upstream record contracts and unresolved decisions recorded as TBD.","@repo/execution/PKG-08_Reporting, Audit, and Reproducibility/1_Working/DEL-08-06_State, comparison, and handoff report sections/Specification.md:L60|_Decomposition/source_review_html/SRC-DEL-DEL-08-06-STATE-COMPARISON-AND-HANDOFF-REPORT-SECTIONS.html#SEC-ED055-0030",b3d6ea32edf6,IN,SEC-ED055-0030,UNIT-ED055-0001,,
