path	role	before_sha256	after_sha256	line_count	verdict
projects/chirality-piping/execution/PKG-01_Governance, IP Boundary, and Professional Responsibility/1_Working/DEL-01-02_Copyright and protected-data boundary policy/Datasheet.md	LEGACY_SOURCE	f15c92a88f4982a29a62a5da4a06bba31ffaacbb2d539006823594acd85cc2be	f15c92a88f4982a29a62a5da4a06bba31ffaacbb2d539006823594acd85cc2be	67	UNCHANGED
projects/chirality-piping/execution/PKG-01_Governance, IP Boundary, and Professional Responsibility/1_Working/DEL-01-02_Copyright and protected-data boundary policy/Specification.md	LEGACY_SOURCE	4b14e8b5cbba603113f2444c455e62bff99ff6a0e291142ddcde182ec5b12ac1	4b14e8b5cbba603113f2444c455e62bff99ff6a0e291142ddcde182ec5b12ac1	39	UNCHANGED
projects/chirality-piping/execution/PKG-01_Governance, IP Boundary, and Professional Responsibility/1_Working/DEL-01-02_Copyright and protected-data boundary policy/Guidance.md	LEGACY_SOURCE	ecaea6e0cb9152fbc0ecf66e87fe7274a1a17cf895d5c50e37cb9c599a8110fc	ecaea6e0cb9152fbc0ecf66e87fe7274a1a17cf895d5c50e37cb9c599a8110fc	43	UNCHANGED
projects/chirality-piping/execution/PKG-01_Governance, IP Boundary, and Professional Responsibility/1_Working/DEL-01-02_Copyright and protected-data boundary policy/Procedure.md	LEGACY_SOURCE	cf2216348f98f9cef69d5f3879f7b626e5298577243d2aeb741847ec2791083f	cf2216348f98f9cef69d5f3879f7b626e5298577243d2aeb741847ec2791083f	55	UNCHANGED
projects/chirality-piping/execution/PKG-01_Governance, IP Boundary, and Professional Responsibility/1_Working/DEL-01-02_Copyright and protected-data boundary policy/_STATUS.md	LIFECYCLE_CONTROL	49838450fa6f1b6b075f0102886dc98e8d9df04dac0052c52a82e7ded090408d	49838450fa6f1b6b075f0102886dc98e8d9df04dac0052c52a82e7ded090408d	18	UNCHANGED
projects/chirality-piping/execution/PKG-01_Governance, IP Boundary, and Professional Responsibility/1_Working/DEL-01-02_Copyright and protected-data boundary policy/_CONTEXT.md	CONTROL_CONTEXT	11879c4652cd1c99bfcf98c7a57fd9d81ad27ab75588807cc48f8e818a528ee4	11879c4652cd1c99bfcf98c7a57fd9d81ad27ab75588807cc48f8e818a528ee4	65	UNCHANGED
projects/chirality-piping/execution/PKG-01_Governance, IP Boundary, and Professional Responsibility/1_Working/DEL-01-02_Copyright and protected-data boundary policy/_REFERENCES.md	CONTROL_REFERENCES	869907d58a17cdcbbc722a5e1f5c0a68705a0a48c009f593b307f7ff8b42992d	869907d58a17cdcbbc722a5e1f5c0a68705a0a48c009f593b307f7ff8b42992d	25	UNCHANGED
projects/chirality-piping/execution/PKG-01_Governance, IP Boundary, and Professional Responsibility/1_Working/DEL-01-02_Copyright and protected-data boundary policy/_DEPENDENCIES.md	CONTROL_DEPENDENCY_SUMMARY	97c4afcb602fcc30e34410188b69306a0bb69338734b46eeca24c38c1c28e089	97c4afcb602fcc30e34410188b69306a0bb69338734b46eeca24c38c1c28e089	65	UNCHANGED
projects/chirality-piping/execution/PKG-01_Governance, IP Boundary, and Professional Responsibility/1_Working/DEL-01-02_Copyright and protected-data boundary policy/Dependencies.csv	CONTROL_DEPENDENCY_REGISTER	1fd5ab4302ea132e5f0faff83e353a298dcb928740c8dc093c30d77440067d1b	1fd5ab4302ea132e5f0faff83e353a298dcb928740c8dc093c30d77440067d1b	14	UNCHANGED
