kind	path	sha256
candidate	execution/_Coordination/AgentRuns/SOW-STAGE2-EXEC-20260712-01/candidates/W_A1/APP-PKG03/DEL-03-01/ScopeOfWork.md	763dc5f45a1b1b9e18240a79fcf77588f4a7490b52176aa48a9b77696c639f52
candidate	execution/_Coordination/AgentRuns/SOW-STAGE2-EXEC-20260712-01/candidates/W_A1/APP-PKG03/DEL-03-02/ScopeOfWork.md	fa2694dc3b1e7145587c3ba48074122884c234e3461d2134b83f7fb82bccbfab
candidate	execution/_Coordination/AgentRuns/SOW-STAGE2-EXEC-20260712-01/candidates/W_A1/APP-PKG03/DEL-03-03/ScopeOfWork.md	9231e130a981f58a58bd1f0e87bab2dbc417f2121263e4aa425e2a40109e0d40
candidate	execution/_Coordination/AgentRuns/SOW-STAGE2-EXEC-20260712-01/candidates/W_A1/APP-PKG03/DEL-03-04/ScopeOfWork.md	3ae8810ad33dec6323804d5177344b0c5da05858ec776698b93a524ca0bf0f22
amendment	execution/_Coordination/AgentRuns/SOW-STAGE2-EXEC-20260712-01/amendments/A1-PKG03-GENERATED-EVIDENCE-PORT-001.md	5542e4a64b030aa0d3efad8416191cf8e255a604beb91b73706f9458afe489a6
amendment	execution/_Coordination/AgentRuns/SOW-STAGE2-EXEC-20260712-01/amendments/A1-PKG03-AUTHOR01-MANIFEST-R1-001.md	c1cc382adeaa8a2906a9081c658dcb611eaf2a96b26d5abd912f5dd1446e5a25
amendment	execution/_Coordination/AgentRuns/SOW-STAGE2-EXEC-20260712-01/amendments/A1-PKG03-AUTHOR02-RUN-RECORD-RECON-001.md	3ea56bbc06bf38586d0624e6022eec73dffd9712d45a295c5ef8ba63ca501298
package	execution/_Coordination/AgentRuns/SOW-STAGE2-EXEC-20260712-01/instances/WORKING-A1-PKG03/PACKAGE_BASIS.md	c716e1fc687f53fce61a2a20348cc388571aa8be770f7cd6979c73a014b2e158
package	execution/_Coordination/AgentRuns/SOW-STAGE2-EXEC-20260712-01/instances/WORKING-A1-PKG03/WORK_GRAPH.v1.md	53e9544030be1417f86f093d8f67f6dc9f7a18ef97f92299931b729e564e2b65
package	execution/_Coordination/AgentRuns/SOW-STAGE2-EXEC-20260712-01/instances/WORKING-A1-PKG03/CHILD_INDEX.tsv	cbf49e997f4ed9d6f7291bb4442760f66ea2a969b14f59f7ac89a2d0c52e1727
package	execution/_Coordination/AgentRuns/SOW-STAGE2-EXEC-20260712-01/instances/WORKING-A1-PKG03/MEMBER_RESULTS.tsv	e684c4cf99bbb0230b114926c8a1d12235853d9442de4f180a32f2260f72e984
package	execution/_Coordination/AgentRuns/SOW-STAGE2-EXEC-20260712-01/instances/WORKING-A1-PKG03/REPLACEMENT_MANIFEST.tsv	637e8fca416648906f19e3bcf46e8ced248809f162de062fad372a53aa768eaa
package	execution/_Coordination/AgentRuns/SOW-STAGE2-EXEC-20260712-01/instances/WORKING-A1-PKG03/ROLLBACK_MANIFEST.tsv	03a0b3825b411809081920523b065ec9e3e9647e161f58de36027ec0948c2ab3
package	execution/_Coordination/AgentRuns/SOW-STAGE2-EXEC-20260712-01/instances/WORKING-A1-PKG03/PROJECT_CHECKS.json	81c07351c8ec4ecf7a3fdb2cab46d9a91e26e357f227744254844d21dc6c9846
package	execution/_Coordination/AgentRuns/SOW-STAGE2-EXEC-20260712-01/instances/WORKING-A1-PKG03/PROJECT_CHECKS_PREMERGE.json	83714cb1d6e9a3dd84ef53827909ed776f7a20760973e25008457eb0c8cf260a
package	execution/_Coordination/AgentRuns/SOW-STAGE2-EXEC-20260712-01/instances/WORKING-A1-PKG03/PREMERGE_CHECK_NORMALIZATION.md	ee6eb9f02ba4c5c3a2c8b701df275ce4331fee6712d2e8f5637e619197f653df
package	execution/_Coordination/AgentRuns/SOW-STAGE2-EXEC-20260712-01/instances/WORKING-A1-PKG03/PRESERVED_SOURCE_LITERAL_INVENTORY.md	090c433d84aa2cf50f632829191622813e82bce34824a80594d7e12a781ea386
package	execution/_Coordination/AgentRuns/SOW-STAGE2-EXEC-20260712-01/instances/WORKING-A1-PKG03/GENERATED_EVIDENCE_PORT_REPAIR.tsv	385d39c5126189d4d21561d877b101c185e0305f4d77631820b04f113567691b
package	execution/_Coordination/AgentRuns/SOW-STAGE2-EXEC-20260712-01/instances/WORKING-A1-PKG03/GENERATED_EVIDENCE_PORT_REPAIR_CHECKS.md	620830892e021c380f21ed3608847b8df5d6bf7d58b282989e00d8d41cccfdc7
package	execution/_Coordination/AgentRuns/SOW-STAGE2-EXEC-20260712-01/instances/WORKING-A1-PKG03/AUTHOR01_MANIFEST_R1_PROOF.md	3aabcc2ab5e2f363fa8e306b6c19b75f3fb5d906b937e5a9df59cbcb9dea381e
package	execution/_Coordination/AgentRuns/SOW-STAGE2-EXEC-20260712-01/instances/WORKING-A1-PKG03/AUTHOR02_RUN_RECORD_RECON_PROOF.md	5a9bba549ec8b5649d684256fda4a08404044ddf7e773e2c313e05c56e6bbdca
package	execution/_Coordination/AgentRuns/SOW-STAGE2-EXEC-20260712-01/instances/WORKING-A1-PKG03/CHECKS.md	cef60b0742b141918fe603c2dd1ee154daaa9212dfc727f1195cb497af400ae4
package	execution/_Coordination/AgentRuns/SOW-STAGE2-EXEC-20260712-01/instances/WORKING-A1-PKG03/PACKAGE_HANDOFF.md	b73719a7a72cf2de4961e6b99053c4ee441a8aa03a633c9dd0ac22beb65ea28b
package	execution/_Coordination/AgentRuns/SOW-STAGE2-EXEC-20260712-01/instances/WORKING-A1-PKG03/RETURN.md	135a05e12637a286a1ced5ee9b19d070b958fc5d58e7984e455603e59452acad
package	execution/_Coordination/AgentRuns/SOW-STAGE2-EXEC-20260712-01/instances/WORKING-A1-PKG03/STATUS.json	f9a4f3013824eaa53302e777817b5ca59fb5e4a487d072d6abc907d5825b4c6f
child_author	execution/_Coordination/AgentRuns/SOW-STAGE2-EXEC-20260712-01/instances/WORKING-A1-PKG03/children/AUTHOR-DEL-03-01/LAUNCH_BRIEF.md	bb8316c96e20542f66eb84d081628e3810fdc65d2a17eb190f1f621df7f98350
child_author	execution/_Coordination/AgentRuns/SOW-STAGE2-EXEC-20260712-01/instances/WORKING-A1-PKG03/children/AUTHOR-DEL-03-01/RETURN.md	72d57d0765d55946f78fd66257afc8b989c885ad5a703a1830a391d25c90bf77
child_author	execution/_Coordination/AgentRuns/SOW-STAGE2-EXEC-20260712-01/instances/WORKING-A1-PKG03/children/AUTHOR-DEL-03-01/STATUS.json	38235796eafd0074e9b00c63107dd8812f06702fc97b20dc439e29aac404e849
child_author	execution/_Coordination/AgentRuns/SOW-STAGE2-EXEC-20260712-01/instances/WORKING-A1-PKG03/children/AUTHOR-DEL-03-01/MANIFEST.tsv	5b25453a2f63fb4cc582687c878d6a54e71245bf2edbf455fd461536fe2a1b0a
child_verify	execution/_Coordination/AgentRuns/SOW-STAGE2-EXEC-20260712-01/instances/WORKING-A1-PKG03/children/VERIFY-DEL-03-01/LAUNCH_BRIEF.md	334948c3040799f45b9ec736be0728b2880af3fb03f0e0f99edb10e6a736db3f
child_verify	execution/_Coordination/AgentRuns/SOW-STAGE2-EXEC-20260712-01/instances/WORKING-A1-PKG03/children/VERIFY-DEL-03-01/RETURN.md	c729ae58b653d8259d6be9fbc3140bc935f39b61796fc6746e6d1316d6874649
child_verify	execution/_Coordination/AgentRuns/SOW-STAGE2-EXEC-20260712-01/instances/WORKING-A1-PKG03/children/VERIFY-DEL-03-01/STATUS.json	d575f5a41075ca34e1b538de1bbee079c746854d881b59a1e112e5720299a0b9
child_verify	execution/_Coordination/AgentRuns/SOW-STAGE2-EXEC-20260712-01/instances/WORKING-A1-PKG03/children/VERIFY-DEL-03-01/MANIFEST.tsv	decd3dbf4033e00ca75ad73f2b9a2d663cf8f292a16c4c83636788a2a4fdd836
child_author	execution/_Coordination/AgentRuns/SOW-STAGE2-EXEC-20260712-01/instances/WORKING-A1-PKG03/children/AUTHOR-DEL-03-02/LAUNCH_BRIEF.md	5556ef01c0300a15c645df1b9e64f29f1cb261cffd3203bd78d45f8fbfa05497
child_author	execution/_Coordination/AgentRuns/SOW-STAGE2-EXEC-20260712-01/instances/WORKING-A1-PKG03/children/AUTHOR-DEL-03-02/RETURN.md	d7b703a1c2a58ffeb393abb84a8d3d3297ca8bee75626776deca3689fe629a70
child_author	execution/_Coordination/AgentRuns/SOW-STAGE2-EXEC-20260712-01/instances/WORKING-A1-PKG03/children/AUTHOR-DEL-03-02/STATUS.json	1e75b2438a802cfb1c9673e2c8b76f548b8e5ec197ac4f3749c47d9044f27bdd
child_author	execution/_Coordination/AgentRuns/SOW-STAGE2-EXEC-20260712-01/instances/WORKING-A1-PKG03/children/AUTHOR-DEL-03-02/MANIFEST.tsv	37cf89ed8a5b09bbfc927612e108211ade33e0c03d7da55949d7cae1498d0c55
child_verify	execution/_Coordination/AgentRuns/SOW-STAGE2-EXEC-20260712-01/instances/WORKING-A1-PKG03/children/VERIFY-DEL-03-02/LAUNCH_BRIEF.md	d5842488b25b5ab04ee10b6f973b24fa6751467f145c58aba7df6706df2d45ed
child_verify	execution/_Coordination/AgentRuns/SOW-STAGE2-EXEC-20260712-01/instances/WORKING-A1-PKG03/children/VERIFY-DEL-03-02/RETURN.md	328a4c994053ae27a9acdede2b05467b92d400314a4d63b6441c2d73b5263d1f
child_verify	execution/_Coordination/AgentRuns/SOW-STAGE2-EXEC-20260712-01/instances/WORKING-A1-PKG03/children/VERIFY-DEL-03-02/STATUS.json	f54a10ed34e82f04843a03372eaae53475dc45419e0b5d93a607b60c399e7499
child_verify	execution/_Coordination/AgentRuns/SOW-STAGE2-EXEC-20260712-01/instances/WORKING-A1-PKG03/children/VERIFY-DEL-03-02/MANIFEST.tsv	01e411acd73b1687433d7f36c922f07704c57b8902315428398da91c1b17d247
child_author	execution/_Coordination/AgentRuns/SOW-STAGE2-EXEC-20260712-01/instances/WORKING-A1-PKG03/children/AUTHOR-DEL-03-03/LAUNCH_BRIEF.md	5d9a336203ee4ebf76c97901f4f426bd16fdff14571f0637c650888d83e6fe34
child_author	execution/_Coordination/AgentRuns/SOW-STAGE2-EXEC-20260712-01/instances/WORKING-A1-PKG03/children/AUTHOR-DEL-03-03/RETURN.md	5145cda0861e9cbf4931afe78ae3f69e87fc2364f28165aac897db15fa508d87
child_author	execution/_Coordination/AgentRuns/SOW-STAGE2-EXEC-20260712-01/instances/WORKING-A1-PKG03/children/AUTHOR-DEL-03-03/STATUS.json	f7264b2c606c3e284d272c8ec38b4508f3d0815459265d028d4a02ba4ac84069
child_author	execution/_Coordination/AgentRuns/SOW-STAGE2-EXEC-20260712-01/instances/WORKING-A1-PKG03/children/AUTHOR-DEL-03-03/MANIFEST.tsv	df37842bf50fc7e5677ca68a72d8be7d3f4ba089eecbcf952e44b7af296bdbcd
child_verify	execution/_Coordination/AgentRuns/SOW-STAGE2-EXEC-20260712-01/instances/WORKING-A1-PKG03/children/VERIFY-DEL-03-03/LAUNCH_BRIEF.md	b5fec1545211af7d7a242f4728bd7224a339d49b363af7174fa897653bcc878f
child_verify	execution/_Coordination/AgentRuns/SOW-STAGE2-EXEC-20260712-01/instances/WORKING-A1-PKG03/children/VERIFY-DEL-03-03/RETURN.md	aea71e5173debd68e1e222c5922869b81e66e116db6ddf89f0b21d88101eac64
child_verify	execution/_Coordination/AgentRuns/SOW-STAGE2-EXEC-20260712-01/instances/WORKING-A1-PKG03/children/VERIFY-DEL-03-03/STATUS.json	584811e6d4a553aae2fb98c1a5778a921a451cce26b0a9cb5cb57583b66b6599
child_verify	execution/_Coordination/AgentRuns/SOW-STAGE2-EXEC-20260712-01/instances/WORKING-A1-PKG03/children/VERIFY-DEL-03-03/MANIFEST.tsv	cb362e509eea4aa0b45a2e6c0ed77e24b3114513c9e60ae43f594a25f045b8bc
child_author	execution/_Coordination/AgentRuns/SOW-STAGE2-EXEC-20260712-01/instances/WORKING-A1-PKG03/children/AUTHOR-DEL-03-04/LAUNCH_BRIEF.md	ab75ae4dc1e95d6a1b6687e8290538d308ab3c95d5049e53cd21d24ad7d2c450
child_author	execution/_Coordination/AgentRuns/SOW-STAGE2-EXEC-20260712-01/instances/WORKING-A1-PKG03/children/AUTHOR-DEL-03-04/RETURN.md	56c866ab8888d47b50c1e4559e24f582b99150623b57dd9d03601d8efaf3989c
child_author	execution/_Coordination/AgentRuns/SOW-STAGE2-EXEC-20260712-01/instances/WORKING-A1-PKG03/children/AUTHOR-DEL-03-04/STATUS.json	12211415dc425e57b42941b72e9a0da50e4c713fe78db1c5a4642ed110042efa
child_author	execution/_Coordination/AgentRuns/SOW-STAGE2-EXEC-20260712-01/instances/WORKING-A1-PKG03/children/AUTHOR-DEL-03-04/MANIFEST.tsv	6f10570859adf426f07c8b895978ec1af1463ed4b631518bffd05f3de3bc5145
child_verify	execution/_Coordination/AgentRuns/SOW-STAGE2-EXEC-20260712-01/instances/WORKING-A1-PKG03/children/VERIFY-DEL-03-04/LAUNCH_BRIEF.md	f9212c135c387b44724a942d65abcb328c2dca541c6b927b1af875699ee0ee2e
child_verify	execution/_Coordination/AgentRuns/SOW-STAGE2-EXEC-20260712-01/instances/WORKING-A1-PKG03/children/VERIFY-DEL-03-04/RETURN.md	a6bac58f7720713480e50c03a464489e5196de8cae98b44de560eefe3739b405
child_verify	execution/_Coordination/AgentRuns/SOW-STAGE2-EXEC-20260712-01/instances/WORKING-A1-PKG03/children/VERIFY-DEL-03-04/STATUS.json	504995b558451049dccd2fa4c9c10d32b4764fb1b26d7b7e2b7992f2c1e1bc87
child_verify	execution/_Coordination/AgentRuns/SOW-STAGE2-EXEC-20260712-01/instances/WORKING-A1-PKG03/children/VERIFY-DEL-03-04/MANIFEST.tsv	92ede9d02b1a7c5dfa56123a854a9a5246a4ca15b5a091f4e8fc0a892882b9ff
repaired_postimage	execution/_Coordination/AgentRuns/SOW-STAGE2-EXEC-20260712-01/instances/WORKING-A1-PKG03/children/AUTHOR-DEL-03-02/workspace/_run_records/TASK_RUN_2026-07-13_0852.md	cfbf9d1fcc0369d800766974d883ebfda3f11498816c7a8b1244b71237f80d16
verifier_replacement	execution/_Coordination/AgentRuns/SOW-STAGE2-EXEC-20260712-01/instances/WORKING-A1-PKG03/children/VERIFY-DEL-03-01/REPLACEMENT_MANIFEST.tsv	354c222f6a51de774f4ce133a6a6a8cf64f2a367ac7c1b3ed6f74e66a6b756aa
verifier_replacement	execution/_Coordination/AgentRuns/SOW-STAGE2-EXEC-20260712-01/instances/WORKING-A1-PKG03/children/VERIFY-DEL-03-02/workspace/evidence/REPLACEMENT_MANIFEST.tsv	0082bc342304d9bc271dac9159387d503853f57763d98059fa6086219f4529da
verifier_replacement	execution/_Coordination/AgentRuns/SOW-STAGE2-EXEC-20260712-01/instances/WORKING-A1-PKG03/children/VERIFY-DEL-03-03/REPLACEMENT_MANIFEST.tsv	486286e3b07069eb1333ee039248e88c0967d2e45c47a228c0c9b9b7cbe04b23
verifier_replacement	execution/_Coordination/AgentRuns/SOW-STAGE2-EXEC-20260712-01/instances/WORKING-A1-PKG03/children/VERIFY-DEL-03-04/workspace/evidence/REPLACEMENT_MANIFEST.tsv	54baa934bd6e047ec9e4a2d38421c315f7b011bb97376f4b5a46ce59048a6e2a

