artifact	manifest_sha256	live_sha256	seed_sha256	postrun_sha256	verdict
Datasheet.md	3a2d9fc191c9ccea679098f9345273326459a6954540fbab4c7d93f58d0fe957	3a2d9fc191c9ccea679098f9345273326459a6954540fbab4c7d93f58d0fe957	3a2d9fc191c9ccea679098f9345273326459a6954540fbab4c7d93f58d0fe957	3a2d9fc191c9ccea679098f9345273326459a6954540fbab4c7d93f58d0fe957	PASS
Specification.md	e7173005cb7465d661d94b331035a25fa67e8b4a023516a10306369fe1d576bc	e7173005cb7465d661d94b331035a25fa67e8b4a023516a10306369fe1d576bc	e7173005cb7465d661d94b331035a25fa67e8b4a023516a10306369fe1d576bc	e7173005cb7465d661d94b331035a25fa67e8b4a023516a10306369fe1d576bc	PASS
Guidance.md	4837bc8b9485a440345c22ae5374c4043ccfdd1b26876ecb84fdf405da987e0b	4837bc8b9485a440345c22ae5374c4043ccfdd1b26876ecb84fdf405da987e0b	4837bc8b9485a440345c22ae5374c4043ccfdd1b26876ecb84fdf405da987e0b	4837bc8b9485a440345c22ae5374c4043ccfdd1b26876ecb84fdf405da987e0b	PASS
Procedure.md	bb876a9adcce03b2d1a8e1adf7f5310ec9c90a2b8ced0f1d0d0acbbdb306ac68	bb876a9adcce03b2d1a8e1adf7f5310ec9c90a2b8ced0f1d0d0acbbdb306ac68	bb876a9adcce03b2d1a8e1adf7f5310ec9c90a2b8ced0f1d0d0acbbdb306ac68	bb876a9adcce03b2d1a8e1adf7f5310ec9c90a2b8ced0f1d0d0acbbdb306ac68	PASS
_STATUS.md	4d5bf16a3990bf3e6252e3d6df867ed1d5b92859d55eb8f52bacbf8836e97cc0	4d5bf16a3990bf3e6252e3d6df867ed1d5b92859d55eb8f52bacbf8836e97cc0	4d5bf16a3990bf3e6252e3d6df867ed1d5b92859d55eb8f52bacbf8836e97cc0	4d5bf16a3990bf3e6252e3d6df867ed1d5b92859d55eb8f52bacbf8836e97cc0	PASS
_CONTEXT.md	bbfdccf7315ab57e252d5990d95df848a3eb0110dbfbaa0d27a31151aae61c06	bbfdccf7315ab57e252d5990d95df848a3eb0110dbfbaa0d27a31151aae61c06	bbfdccf7315ab57e252d5990d95df848a3eb0110dbfbaa0d27a31151aae61c06	bbfdccf7315ab57e252d5990d95df848a3eb0110dbfbaa0d27a31151aae61c06	PASS
_REFERENCES.md	a7a9798d1f6cdc2029f7d7c3d1b4185ccc743c1178094bab47ba999eedd33bd5	a7a9798d1f6cdc2029f7d7c3d1b4185ccc743c1178094bab47ba999eedd33bd5	a7a9798d1f6cdc2029f7d7c3d1b4185ccc743c1178094bab47ba999eedd33bd5	a7a9798d1f6cdc2029f7d7c3d1b4185ccc743c1178094bab47ba999eedd33bd5	PASS
_DEPENDENCIES.md	6e5b41fcf635ede70989123e4ccea3642e42e9e61e8a035a1f09ce734cb94ee7	6e5b41fcf635ede70989123e4ccea3642e42e9e61e8a035a1f09ce734cb94ee7	6e5b41fcf635ede70989123e4ccea3642e42e9e61e8a035a1f09ce734cb94ee7	6e5b41fcf635ede70989123e4ccea3642e42e9e61e8a035a1f09ce734cb94ee7	PASS
Dependencies.csv	8e880e11478e04e66d7db245b8044007ced07b016d91a985216253547450ebee	8e880e11478e04e66d7db245b8044007ced07b016d91a985216253547450ebee	8e880e11478e04e66d7db245b8044007ced07b016d91a985216253547450ebee	8e880e11478e04e66d7db245b8044007ced07b016d91a985216253547450ebee	PASS
