file,rows,active,retired,candidate,active_del00_targets
"execution/PKG-01_Governance, IP Boundary, and Professional Responsibility/1_Working/DEL-01-01_Project governance baseline/Dependencies.csv",13,13,0,0,4
"execution/PKG-01_Governance, IP Boundary, and Professional Responsibility/1_Working/DEL-01-02_Copyright and protected-data boundary policy/Dependencies.csv",13,13,0,0,4
"execution/PKG-01_Governance, IP Boundary, and Professional Responsibility/1_Working/DEL-01-03_Contributor certification workflow/Dependencies.csv",15,15,0,0,4
"execution/PKG-01_Governance, IP Boundary, and Professional Responsibility/1_Working/DEL-01-04_Professional responsibility and product-claims policy/Dependencies.csv",17,16,1,0,4
"execution/PKG-02_Domain Model, Units, and Core Schemas/1_Working/DEL-02-01_Canonical domain model schema/Dependencies.csv",13,13,0,0,7
"execution/PKG-02_Domain Model, Units, and Core Schemas/1_Working/DEL-02-02_Unit system and dimensional-analysis core contract/Dependencies.csv",17,17,0,0,7
"execution/PKG-02_Domain Model, Units, and Core Schemas/1_Working/DEL-02-03_Code-neutral analysis boundary model/Dependencies.csv",11,11,0,0,7
"execution/PKG-02_Domain Model, Units, and Core Schemas/1_Working/DEL-02-04_Plugin and extension domain contracts/Dependencies.csv",12,9,3,0,7
"execution/PKG-02_Domain Model, Units, and Core Schemas/1_Working/DEL-02-05_Project persistence and round-trip serialization/Dependencies.csv",13,13,0,0,7
"execution/PKG-03_Piping Components, Materials, and Library Data Model/1_Working/DEL-03-01_Material library schema with provenance/Dependencies.csv",13,13,0,0,6
"execution/PKG-03_Piping Components, Materials, and Library Data Model/1_Working/DEL-03-02_Pipe section and component library schema/Dependencies.csv",13,13,0,0,6
"execution/PKG-03_Piping Components, Materials, and Library Data Model/1_Working/DEL-03-03_Bend and elbow component model fields/Dependencies.csv",11,11,0,0,6
"execution/PKG-03_Piping Components, Materials, and Library Data Model/1_Working/DEL-03-04_Branch connection component model fields/Dependencies.csv",12,12,0,0,6
"execution/PKG-03_Piping Components, Materials, and Library Data Model/1_Working/DEL-03-05_Rigid component models for valves, flanges, reducers, and specialty items/Dependencies.csv",12,12,0,0,6
"execution/PKG-03_Piping Components, Materials, and Library Data Model/1_Working/DEL-03-06_Expansion joint component model/Dependencies.csv",12,12,0,0,6
"execution/PKG-03_Piping Components, Materials, and Library Data Model/1_Working/DEL-03-07_Public-private library import provenance checker/Dependencies.csv",17,17,0,0,6
"execution/PKG-03_Piping Components, Materials, and Library Data Model/1_Working/DEL-03-08_Pipe section property and mass-property calculator/Dependencies.csv",14,14,0,0,6
execution/PKG-04_Solver Core and Numerical Methods/1_Working/DEL-04-01_3D frame stiffness kernel/Dependencies.csv,11,11,0,0,5
execution/PKG-04_Solver Core and Numerical Methods/1_Working/DEL-04-02_Straight pipe element/Dependencies.csv,10,10,0,0,5
execution/PKG-04_Solver Core and Numerical Methods/1_Working/DEL-04-03_Linear support and restraint models/Dependencies.csv,10,10,0,0,5
execution/PKG-04_Solver Core and Numerical Methods/1_Working/DEL-04-04_Nonlinear support active-set solver/Dependencies.csv,11,11,0,0,5
execution/PKG-04_Solver Core and Numerical Methods/1_Working/DEL-04-05_Sparse solver performance harness/Dependencies.csv,9,9,0,0,5
execution/PKG-04_Solver Core and Numerical Methods/1_Working/DEL-04-06_Solver diagnostics and singularity detection/Dependencies.csv,12,11,1,0,5
"execution/PKG-05_Loads, Load Cases, and Stress Recovery/1_Working/DEL-05-01_Primitive load case engine/Dependencies.csv",12,8,4,0,5
"execution/PKG-05_Loads, Load Cases, and Stress Recovery/1_Working/DEL-05-02_Load-case algebra engine/Dependencies.csv",19,18,1,0,5
"execution/PKG-05_Loads, Load Cases, and Stress Recovery/1_Working/DEL-05-03_Fundamental stress recovery module/Dependencies.csv",12,12,0,0,5
"execution/PKG-05_Loads, Load Cases, and Stress Recovery/1_Working/DEL-05-04_Analysis status semantics/Dependencies.csv",10,10,0,0,5
"execution/PKG-05_Loads, Load Cases, and Stress Recovery/1_Working/DEL-05-05_Concentrated and distributed user load application/Dependencies.csv",13,13,0,0,5
execution/PKG-06_Rule Packs and User-Supplied Code Check Engine/1_Working/DEL-06-01_Rule-pack schema/Dependencies.csv,25,25,0,0,7
execution/PKG-06_Rule Packs and User-Supplied Code Check Engine/1_Working/DEL-06-02_Sandboxed unit-aware expression evaluator/Dependencies.csv,22,21,1,0,7
execution/PKG-06_Rule Packs and User-Supplied Code Check Engine/1_Working/DEL-06-03_Required-input completeness checker/Dependencies.csv,18,18,0,0,7
execution/PKG-06_Rule Packs and User-Supplied Code Check Engine/1_Working/DEL-06-04_Private rule-pack lifecycle and checksum handling/Dependencies.csv,22,22,0,0,7
execution/PKG-06_Rule Packs and User-Supplied Code Check Engine/1_Working/DEL-06-05_Invented non-code example rule pack/Dependencies.csv,20,18,2,0,7
execution/PKG-07_Graphical User Interface and Engineering Workflow/1_Working/DEL-07-01_3D viewport and centerline editor/Dependencies.csv,18,18,0,0,7
execution/PKG-07_Graphical User Interface and Engineering Workflow/1_Working/DEL-07-02_Model tree and property inspector/Dependencies.csv,20,20,0,0,7
"execution/PKG-07_Graphical User Interface and Engineering Workflow/1_Working/DEL-07-03_Material, component, and rule-pack editors/Dependencies.csv",17,17,0,0,7
execution/PKG-07_Graphical User Interface and Engineering Workflow/1_Working/DEL-07-04_Missing-data warning and blocking UX/Dependencies.csv,16,15,1,0,7
execution/PKG-07_Graphical User Interface and Engineering Workflow/1_Working/DEL-07-05_Results viewer/Dependencies.csv,19,17,2,0,7
execution/PKG-07_Graphical User Interface and Engineering Workflow/1_Working/DEL-07-06_Accessibility and usability baseline/Dependencies.csv,16,10,6,0,7
"execution/PKG-07_Graphical User Interface and Engineering Workflow/1_Working/DEL-07-07_Solve execution UX- progress, cancellation, and diagnostics/Dependencies.csv",18,18,0,0,7
execution/PKG-07_Graphical User Interface and Engineering Workflow/1_Working/DEL-07-08_Design-authoring state and comparison workspace/Dependencies.csv,29,27,2,0,7
"execution/PKG-08_Reporting, Audit, and Reproducibility/1_Working/DEL-08-01_Calculation report generator/Dependencies.csv",18,17,1,0,7
"execution/PKG-08_Reporting, Audit, and Reproducibility/1_Working/DEL-08-02_Audit manifest and model hash/Dependencies.csv",13,10,3,0,7
"execution/PKG-08_Reporting, Audit, and Reproducibility/1_Working/DEL-08-03_Warnings, assumptions, and provenance report section/Dependencies.csv",11,11,0,0,7
"execution/PKG-08_Reporting, Audit, and Reproducibility/1_Working/DEL-08-04_Result export format/Dependencies.csv",22,20,2,0,7
"execution/PKG-08_Reporting, Audit, and Reproducibility/1_Working/DEL-08-05_Report protected-content linter/Dependencies.csv",13,13,0,0,7
"execution/PKG-08_Reporting, Audit, and Reproducibility/1_Working/DEL-08-06_State, comparison, and handoff report sections/Dependencies.csv",23,22,1,0,7
"execution/PKG-09_Verification, Validation, and Quality Oracles/1_Working/DEL-09-01_Mechanics benchmark suite/Dependencies.csv",14,14,0,0,4
"execution/PKG-09_Verification, Validation, and Quality Oracles/1_Working/DEL-09-02_Stress recovery benchmark suite/Dependencies.csv",11,10,1,0,4
"execution/PKG-09_Verification, Validation, and Quality Oracles/1_Working/DEL-09-03_Nonlinear support regression suite/Dependencies.csv",8,8,0,0,4
"execution/PKG-09_Verification, Validation, and Quality Oracles/1_Working/DEL-09-04_Validation manual skeleton/Dependencies.csv",12,12,0,0,4
"execution/PKG-09_Verification, Validation, and Quality Oracles/1_Working/DEL-09-05_Release quality gate checklist/Dependencies.csv",13,13,0,0,4
"execution/PKG-10_Build, Packaging, API, and Interoperability/1_Working/DEL-10-01_Public API and plugin boundary/Dependencies.csv",14,14,0,0,7
"execution/PKG-10_Build, Packaging, API, and Interoperability/1_Working/DEL-10-02_Import-export adapter framework/Dependencies.csv",18,17,1,0,5
"execution/PKG-10_Build, Packaging, API, and Interoperability/1_Working/DEL-10-03_Local FEA handoff data contract/Dependencies.csv",20,18,2,0,7
"execution/PKG-10_Build, Packaging, API, and Interoperability/1_Working/DEL-10-04_Build, packaging, and CI-CD pipeline/Dependencies.csv",20,16,4,0,7
"execution/PKG-10_Build, Packaging, API, and Interoperability/1_Working/DEL-10-05_Headless CLI and structured I-O analysis runner/Dependencies.csv",29,16,13,0,2
"execution/PKG-11_Documentation, Examples, and Education/1_Working/DEL-11-01_User guide skeleton/Dependencies.csv",20,20,0,0,5
"execution/PKG-11_Documentation, Examples, and Education/1_Working/DEL-11-02_Developer guide for solver and rule packs/Dependencies.csv",15,15,0,0,5
"execution/PKG-11_Documentation, Examples, and Education/1_Working/DEL-11-03_Theory notes- classical to modern centerline analysis/Dependencies.csv",12,12,0,0,5
"execution/PKG-11_Documentation, Examples, and Education/1_Working/DEL-11-04_Invented educational example models/Dependencies.csv",17,17,0,0,5
"execution/PKG-11_Documentation, Examples, and Education/1_Working/DEL-11-05_Contributor tutorial and onboarding/Dependencies.csv",11,11,0,0,5
"execution/PKG-12_Security, Privacy, and Private Data Handling/1_Working/DEL-12-01_Local-first storage and private data paths/Dependencies.csv",14,14,0,0,7
"execution/PKG-12_Security, Privacy, and Private Data Handling/1_Working/DEL-12-02_Private data redaction and export controls/Dependencies.csv",18,18,0,0,7
"execution/PKG-12_Security, Privacy, and Private Data Handling/1_Working/DEL-12-03_Telemetry off-by-default design/Dependencies.csv",13,13,0,0,7
"execution/PKG-12_Security, Privacy, and Private Data Handling/1_Working/DEL-12-04_Secret and private-library handling/Dependencies.csv",17,17,0,0,7
"execution/PKG-12_Security, Privacy, and Private Data Handling/1_Working/DEL-12-05_Security threat model/Dependencies.csv",23,21,2,0,7
execution/PKG-13_Physical Design Knowledge and Constraint Engine/1_Working/DEL-13-01_Design knowledge schema and provenance model/Dependencies.csv,14,14,0,0,7
execution/PKG-13_Physical Design Knowledge and Constraint Engine/1_Working/DEL-13-02_Constraint entity and provenance model/Dependencies.csv,18,18,0,0,7
execution/PKG-13_Physical Design Knowledge and Constraint Engine/1_Working/DEL-13-03_Constraint validation engine/Dependencies.csv,14,14,0,0,7
execution/PKG-13_Physical Design Knowledge and Constraint Engine/1_Working/DEL-13-04_Physical-to-analytical transformation contract/Dependencies.csv,20,20,0,0,7
"execution/PKG-14_Model States, Analysis Runs, and Comparison/1_Working/DEL-14-01_Immutable model state records/Dependencies.csv",13,13,0,0,7
"execution/PKG-14_Model States, Analysis Runs, and Comparison/1_Working/DEL-14-02_Analysis run records/Dependencies.csv",14,14,0,0,7
"execution/PKG-14_Model States, Analysis Runs, and Comparison/1_Working/DEL-14-03_Model-state comparison engine/Dependencies.csv",15,15,0,0,7
"execution/PKG-14_Model States, Analysis Runs, and Comparison/1_Working/DEL-14-04_Analysis-run comparison engine/Dependencies.csv",17,17,0,0,7
"execution/PKG-14_Model States, Analysis Runs, and Comparison/1_Working/DEL-14-05_Comparison mapping, tolerance, and export contracts/Dependencies.csv",13,13,0,0,7
execution/PKG-15_Handoff and External Prover Workflow/1_Working/DEL-15-01_Canonical handoff package schema and manifest/Dependencies.csv,15,15,0,0,7
execution/PKG-15_Handoff and External Prover Workflow/1_Working/DEL-15-02_Target mapping and unsupported-behavior contract/Dependencies.csv,18,18,0,0,7
execution/PKG-15_Handoff and External Prover Workflow/1_Working/DEL-15-03_Downstream modeling export workflow/Dependencies.csv,16,16,0,0,7
execution/PKG-15_Handoff and External Prover Workflow/1_Working/DEL-15-04_External prover boundary metadata/Dependencies.csv,15,15,0,0,7
execution/PKG-16_Model Operation and Agent Proposal Framework/1_Working/DEL-16-01_Structured model operation schema/Dependencies.csv,16,16,0,0,7
execution/PKG-16_Model Operation and Agent Proposal Framework/1_Working/DEL-16-02_Operation validation and diff preview/Dependencies.csv,14,14,0,0,7
execution/PKG-16_Model Operation and Agent Proposal Framework/1_Working/DEL-16-03_User acceptance and operation audit trail/Dependencies.csv,16,16,0,0,7
execution/PKG-16_Model Operation and Agent Proposal Framework/1_Working/DEL-16-04_Agent rationale and professional-boundary controls/Dependencies.csv,13,13,0,0,7
execution/PKG-17_Export Format Interoperability/1_Working/DEL-17-01_CAEPIPE and export-format source basis/Dependencies.csv,4,4,0,0,0
"execution/PKG-17_Export Format Interoperability/1_Working/DEL-17-02_Export package, profile, and stable ID map contracts/Dependencies.csv",12,12,0,0,0
execution/PKG-17_Export Format Interoperability/1_Working/DEL-17-03_Native open JSON export package/Dependencies.csv,3,3,0,0,0
execution/PKG-17_Export Format Interoperability/1_Working/DEL-17-04_CAEPIPE MBF export profile and deterministic writer/Dependencies.csv,4,4,0,0,0
execution/PKG-17_Export Format Interoperability/1_Working/DEL-17-05_CAEPIPE external run harness and CSV parser/Dependencies.csv,12,12,0,0,0
execution/PKG-17_Export Format Interoperability/1_Working/DEL-17-06_Stress-neutral CSV JSON package/Dependencies.csv,16,16,0,0,0
execution/PKG-17_Export Format Interoperability/1_Working/DEL-17-07_Conservative PCF subset exporter/Dependencies.csv,14,14,0,0,0
execution/PKG-17_Export Format Interoperability/1_Working/DEL-17-08_GLB glTF review geometry export/Dependencies.csv,12,12,0,0,0
execution/PKG-17_Export Format Interoperability/1_Working/DEL-17-09_Export adapter SDK and additional targets/Dependencies.csv,11,11,0,0,0
