AtomicUnitID,SourceDoc,SourcePrefix,LocalSeq,UnitStatement,SourceRef,ContentHash,InOutStatus,SectionID,DispatchUnitID,Corrects,Notes,CategoryID,CategoryAssignmentStatus,CategoryAssignmentMethod,CategoryAssignmentConfidence,CategoryCandidateIDs,CategoryAssignmentRationale,KnowledgeTypeIDs,SubjectIDs,DecisionRef,OpenIssue,PrimaryKnowledgeTypeID,PrimarySubjectID,Gate4AssignmentStatus,Gate4AssignmentMethod,Gate4AssignmentConfidence,Gate4CandidateSubjectIDs,Gate4AssignmentRationale
HBA-ED048-00001,SRC-DEL-DEL-07-07-SOLVE-EXECUTION-UX-PROGRESS-CANCELLATION-AND-DIAGNOSTICS,ED048,1,"DEL-07-07 is the Solve execution UX deliverable covering progress, cancellation, and diagnostics within Package PKG-07 (Graphical User Interface and Engineering Workflow).","@repo/execution/PKG-07_Graphical User Interface and Engineering Workflow/1_Working/DEL-07-07_Solve execution UX- progress, cancellation, and diagnostics/Datasheet.md:L7|_Decomposition/source_review_html/SRC-DEL-DEL-07-07-SOLVE-EXECUTION-UX-PROGRESS-CANCELLATION-AND-DIAGNOSTICS.html#SEC-ED048-0004",e4a6cfe4f393,IN,SEC-ED048-0004,UNIT-ED048-0001,,,CAT-008,PROPOSED_GATE3,SOURCE_ROUTING,HIGH,CAT-008:1,Assigned by G3BR-001: PKG-07 deliverable -> CAT-008.,KTY-08-01_Datasheet-Reference,SUB-08-01-07_DEL-07-07,GATE3_CATEGORY_PROPOSAL;GATE4_KTY_PROPOSAL,FALSE,KTY-08-01_Datasheet-Reference,SUB-08-01-07_DEL-07-07,ACCEPTED_GATE4,SOURCE_ROUTING,HIGH,SUB-08-01-07_DEL-07-07:1,Source-routing: doc/content-kind -> KTY-08-01_Datasheet-Reference; unit -> SUB-08-01-07_DEL-07-07.
HBA-ED048-00002,SRC-DEL-DEL-07-07-SOLVE-EXECUTION-UX-PROGRESS-CANCELLATION-AND-DIAGNOSTICS,ED048,2,DEL-07-07 is typed as a UX_UI_SLICE and covers scope item SOW-055.,"@repo/execution/PKG-07_Graphical User Interface and Engineering Workflow/1_Working/DEL-07-07_Solve execution UX- progress, cancellation, and diagnostics/Datasheet.md:L11|_Decomposition/source_review_html/SRC-DEL-DEL-07-07-SOLVE-EXECUTION-UX-PROGRESS-CANCELLATION-AND-DIAGNOSTICS.html#SEC-ED048-0004",8bd5edb3fbca,IN,SEC-ED048-0004,UNIT-ED048-0001,,,CAT-008,PROPOSED_GATE3,SOURCE_ROUTING,HIGH,CAT-008:1,Assigned by G3BR-001: PKG-07 deliverable -> CAT-008.,KTY-08-01_Datasheet-Reference,SUB-08-01-07_DEL-07-07,GATE3_CATEGORY_PROPOSAL;GATE4_KTY_PROPOSAL,FALSE,KTY-08-01_Datasheet-Reference,SUB-08-01-07_DEL-07-07,ACCEPTED_GATE4,SOURCE_ROUTING,HIGH,SUB-08-01-07_DEL-07-07:1,Source-routing: doc/content-kind -> KTY-08-01_Datasheet-Reference; unit -> SUB-08-01-07_DEL-07-07.
HBA-ED048-00003,SRC-DEL-DEL-07-07-SOLVE-EXECUTION-UX-PROGRESS-CANCELLATION-AND-DIAGNOSTICS,ED048,3,DEL-07-07 addresses objectives OBJ-006 and OBJ-007 with a context envelope of M.,"@repo/execution/PKG-07_Graphical User Interface and Engineering Workflow/1_Working/DEL-07-07_Solve execution UX- progress, cancellation, and diagnostics/Datasheet.md:L13|_Decomposition/source_review_html/SRC-DEL-DEL-07-07-SOLVE-EXECUTION-UX-PROGRESS-CANCELLATION-AND-DIAGNOSTICS.html#SEC-ED048-0004",5e27c2fe16bd,IN,SEC-ED048-0004,UNIT-ED048-0001,,,CAT-008,PROPOSED_GATE3,SOURCE_ROUTING,HIGH,CAT-008:1,Assigned by G3BR-001: PKG-07 deliverable -> CAT-008.,KTY-08-01_Datasheet-Reference,SUB-08-01-07_DEL-07-07,GATE3_CATEGORY_PROPOSAL;GATE4_KTY_PROPOSAL,FALSE,KTY-08-01_Datasheet-Reference,SUB-08-01-07_DEL-07-07,ACCEPTED_GATE4,SOURCE_ROUTING,HIGH,SUB-08-01-07_DEL-07-07:1,Source-routing: doc/content-kind -> KTY-08-01_Datasheet-Reference; unit -> SUB-08-01-07_DEL-07-07.
HBA-ED048-00004,SRC-DEL-DEL-07-07-SOLVE-EXECUTION-UX-PROGRESS-CANCELLATION-AND-DIAGNOSTICS,ED048,4,DEL-07-07 reaches a SEMANTIC_READY candidate setup state after setup gates pass.,"@repo/execution/PKG-07_Graphical User Interface and Engineering Workflow/1_Working/DEL-07-07_Solve execution UX- progress, cancellation, and diagnostics/Datasheet.md:L15|_Decomposition/source_review_html/SRC-DEL-DEL-07-07-SOLVE-EXECUTION-UX-PROGRESS-CANCELLATION-AND-DIAGNOSTICS.html#SEC-ED048-0004",9d2d85ac3a09,IN,SEC-ED048-0004,UNIT-ED048-0001,,,CAT-008,PROPOSED_GATE3,SOURCE_ROUTING,HIGH,CAT-008:1,Assigned by G3BR-001: PKG-07 deliverable -> CAT-008.,KTY-08-01_Datasheet-Reference,SUB-08-01-07_DEL-07-07,GATE3_CATEGORY_PROPOSAL;GATE4_KTY_PROPOSAL,FALSE,KTY-08-01_Datasheet-Reference,SUB-08-01-07_DEL-07-07,ACCEPTED_GATE4,SOURCE_ROUTING,HIGH,SUB-08-01-07_DEL-07-07:1,Source-routing: doc/content-kind -> KTY-08-01_Datasheet-Reference; unit -> SUB-08-01-07_DEL-07-07.
HBA-ED048-00005,SRC-DEL-DEL-07-07-SOLVE-EXECUTION-UX-PROGRESS-CANCELLATION-AND-DIAGNOSTICS,ED048,5,"The UX surface for DEL-07-07 comprises the solve run panel, progress/cancel controls, and diagnostic presentation.","@repo/execution/PKG-07_Graphical User Interface and Engineering Workflow/1_Working/DEL-07-07_Solve execution UX- progress, cancellation, and diagnostics/Datasheet.md:L21|_Decomposition/source_review_html/SRC-DEL-DEL-07-07-SOLVE-EXECUTION-UX-PROGRESS-CANCELLATION-AND-DIAGNOSTICS.html#SEC-ED048-0005",cc88b9e586d5,IN,SEC-ED048-0005,UNIT-ED048-0001,,,CAT-008,PROPOSED_GATE3,SOURCE_ROUTING,HIGH,CAT-008:1,Assigned by G3BR-001: PKG-07 deliverable -> CAT-008.,KTY-08-01_Datasheet-Reference,SUB-08-01-07_DEL-07-07,GATE3_CATEGORY_PROPOSAL;GATE4_KTY_PROPOSAL,FALSE,KTY-08-01_Datasheet-Reference,SUB-08-01-07_DEL-07-07,ACCEPTED_GATE4,SOURCE_ROUTING,HIGH,SUB-08-01-07_DEL-07-07:1,Source-routing: doc/content-kind -> KTY-08-01_Datasheet-Reference; unit -> SUB-08-01-07_DEL-07-07.
HBA-ED048-00006,SRC-DEL-DEL-07-07-SOLVE-EXECUTION-UX-PROGRESS-CANCELLATION-AND-DIAGNOSTICS,ED048,6,Solve execution runs in a background execution mode routed through application-service command/job boundaries.,"@repo/execution/PKG-07_Graphical User Interface and Engineering Workflow/1_Working/DEL-07-07_Solve execution UX- progress, cancellation, and diagnostics/Datasheet.md:L22|_Decomposition/source_review_html/SRC-DEL-DEL-07-07-SOLVE-EXECUTION-UX-PROGRESS-CANCELLATION-AND-DIAGNOSTICS.html#SEC-ED048-0005",309021096680,IN,SEC-ED048-0005,UNIT-ED048-0001,,,CAT-008,PROPOSED_GATE3,SOURCE_ROUTING,HIGH,CAT-008:1,Assigned by G3BR-001: PKG-07 deliverable -> CAT-008.,KTY-08-01_Datasheet-Reference,SUB-08-01-07_DEL-07-07,GATE3_CATEGORY_PROPOSAL;GATE4_KTY_PROPOSAL,FALSE,KTY-08-01_Datasheet-Reference,SUB-08-01-07_DEL-07-07,ACCEPTED_GATE4,SOURCE_ROUTING,HIGH,SUB-08-01-07_DEL-07-07:1,Source-routing: doc/content-kind -> KTY-08-01_Datasheet-Reference; unit -> SUB-08-01-07_DEL-07-07.
HBA-ED048-00007,SRC-DEL-DEL-07-07-SOLVE-EXECUTION-UX-PROGRESS-CANCELLATION-AND-DIAGNOSTICS,ED048,7,"Progress reporting is limited to the progress states, phases, or measures supplied by the job contract; exact progress semantics remain TBD.","@repo/execution/PKG-07_Graphical User Interface and Engineering Workflow/1_Working/DEL-07-07_Solve execution UX- progress, cancellation, and diagnostics/Datasheet.md:L23|_Decomposition/source_review_html/SRC-DEL-DEL-07-07-SOLVE-EXECUTION-UX-PROGRESS-CANCELLATION-AND-DIAGNOSTICS.html#SEC-ED048-0005",a29c67d19bb1,IN,SEC-ED048-0005,UNIT-ED048-0001,,,CAT-008,PROPOSED_GATE3,SOURCE_ROUTING,HIGH,CAT-008:1,Assigned by G3BR-001: PKG-07 deliverable -> CAT-008.,KTY-08-01_Datasheet-Reference,SUB-08-01-07_DEL-07-07,GATE3_CATEGORY_PROPOSAL;GATE4_KTY_PROPOSAL,FALSE,KTY-08-01_Datasheet-Reference,SUB-08-01-07_DEL-07-07,ACCEPTED_GATE4,SOURCE_ROUTING,HIGH,SUB-08-01-07_DEL-07-07:1,Source-routing: doc/content-kind -> KTY-08-01_Datasheet-Reference; unit -> SUB-08-01-07_DEL-07-07.
HBA-ED048-00008,SRC-DEL-DEL-07-07-SOLVE-EXECUTION-UX-PROGRESS-CANCELLATION-AND-DIAGNOSTICS,ED048,8,User cancellation is routed through the application-service job cancellation contract; direct GUI bypass of solver state is out of scope.,"@repo/execution/PKG-07_Graphical User Interface and Engineering Workflow/1_Working/DEL-07-07_Solve execution UX- progress, cancellation, and diagnostics/Datasheet.md:L24|_Decomposition/source_review_html/SRC-DEL-DEL-07-07-SOLVE-EXECUTION-UX-PROGRESS-CANCELLATION-AND-DIAGNOSTICS.html#SEC-ED048-0005",c4f71650a166,IN,SEC-ED048-0005,UNIT-ED048-0001,,,CAT-008,PROPOSED_GATE3,SOURCE_ROUTING,HIGH,CAT-008:1,Assigned by G3BR-001: PKG-07 deliverable -> CAT-008.,KTY-08-01_Datasheet-Reference,SUB-08-01-07_DEL-07-07,GATE3_CATEGORY_PROPOSAL;GATE4_KTY_PROPOSAL,FALSE,KTY-08-01_Datasheet-Reference,SUB-08-01-07_DEL-07-07,ACCEPTED_GATE4,SOURCE_ROUTING,HIGH,SUB-08-01-07_DEL-07-07:1,Source-routing: doc/content-kind -> KTY-08-01_Datasheet-Reference; unit -> SUB-08-01-07_DEL-07-07.
HBA-ED048-00009,SRC-DEL-DEL-07-07-SOLVE-EXECUTION-UX-PROGRESS-CANCELLATION-AND-DIAGNOSTICS,ED048,9,"Diagnostics use the diagnostic/result-envelope contract from PKG-00, including code, class, severity, source, affected object, message, remediation, and provenance where available.","@repo/execution/PKG-07_Graphical User Interface and Engineering Workflow/1_Working/DEL-07-07_Solve execution UX- progress, cancellation, and diagnostics/Datasheet.md:L25|_Decomposition/source_review_html/SRC-DEL-DEL-07-07-SOLVE-EXECUTION-UX-PROGRESS-CANCELLATION-AND-DIAGNOSTICS.html#SEC-ED048-0005",aeca7471deed,IN,SEC-ED048-0005,UNIT-ED048-0001,,,CAT-008,PROPOSED_GATE3,SOURCE_ROUTING,HIGH,CAT-008:1,Assigned by G3BR-001: PKG-07 deliverable -> CAT-008.,KTY-08-01_Datasheet-Reference,SUB-08-01-07_DEL-07-07,GATE3_CATEGORY_PROPOSAL;GATE4_KTY_PROPOSAL,FALSE,KTY-08-01_Datasheet-Reference,SUB-08-01-07_DEL-07-07,ACCEPTED_GATE4,SOURCE_ROUTING,HIGH,SUB-08-01-07_DEL-07-07:1,Source-routing: doc/content-kind -> KTY-08-01_Datasheet-Reference; unit -> SUB-08-01-07_DEL-07-07.
HBA-ED048-00010,SRC-DEL-DEL-07-07-SOLVE-EXECUTION-UX-PROGRESS-CANCELLATION-AND-DIAGNOSTICS,ED048,10,"Mechanics solve status, missing data, assumptions, diagnostics, and reproducibility signals remain visible for professional review.","@repo/execution/PKG-07_Graphical User Interface and Engineering Workflow/1_Working/DEL-07-07_Solve execution UX- progress, cancellation, and diagnostics/Datasheet.md:L26|_Decomposition/source_review_html/SRC-DEL-DEL-07-07-SOLVE-EXECUTION-UX-PROGRESS-CANCELLATION-AND-DIAGNOSTICS.html#SEC-ED048-0005",37b45957a058,IN,SEC-ED048-0005,UNIT-ED048-0001,,,CAT-008,PROPOSED_GATE3,SOURCE_ROUTING,HIGH,CAT-008:1,Assigned by G3BR-001: PKG-07 deliverable -> CAT-008.,KTY-08-01_Datasheet-Reference,SUB-08-01-07_DEL-07-07,GATE3_CATEGORY_PROPOSAL;GATE4_KTY_PROPOSAL,FALSE,KTY-08-01_Datasheet-Reference,SUB-08-01-07_DEL-07-07,ACCEPTED_GATE4,SOURCE_ROUTING,HIGH,SUB-08-01-07_DEL-07-07:1,Source-routing: doc/content-kind -> KTY-08-01_Datasheet-Reference; unit -> SUB-08-01-07_DEL-07-07.
HBA-ED048-00011,SRC-DEL-DEL-07-07-SOLVE-EXECUTION-UX-PROGRESS-CANCELLATION-AND-DIAGNOSTICS,ED048,11,"No GUI source code, tests, schemas, job code, or solver code is implemented by this setup run.","@repo/execution/PKG-07_Graphical User Interface and Engineering Workflow/1_Working/DEL-07-07_Solve execution UX- progress, cancellation, and diagnostics/Datasheet.md:L27|_Decomposition/source_review_html/SRC-DEL-DEL-07-07-SOLVE-EXECUTION-UX-PROGRESS-CANCELLATION-AND-DIAGNOSTICS.html#SEC-ED048-0005",dae346dffaf6,IN,SEC-ED048-0005,UNIT-ED048-0001,,,CAT-008,PROPOSED_GATE3,SOURCE_ROUTING,HIGH,CAT-008:1,Assigned by G3BR-001: PKG-07 deliverable -> CAT-008.,KTY-08-01_Datasheet-Reference,SUB-08-01-07_DEL-07-07,GATE3_CATEGORY_PROPOSAL;GATE4_KTY_PROPOSAL,FALSE,KTY-08-01_Datasheet-Reference,SUB-08-01-07_DEL-07-07,ACCEPTED_GATE4,SOURCE_ROUTING,HIGH,SUB-08-01-07_DEL-07-07:1,Source-routing: doc/content-kind -> KTY-08-01_Datasheet-Reference; unit -> SUB-08-01-07_DEL-07-07.
HBA-ED048-00012,SRC-DEL-DEL-07-07-SOLVE-EXECUTION-UX-PROGRESS-CANCELLATION-AND-DIAGNOSTICS,ED048,12,Missing solve-required inputs are presented as SOLVE_BLOCKING diagnostics or equivalent envelope entries and are never silently defaulted.,"@repo/execution/PKG-07_Graphical User Interface and Engineering Workflow/1_Working/DEL-07-07_Solve execution UX- progress, cancellation, and diagnostics/Datasheet.md:L33|_Decomposition/source_review_html/SRC-DEL-DEL-07-07-SOLVE-EXECUTION-UX-PROGRESS-CANCELLATION-AND-DIAGNOSTICS.html#SEC-ED048-0006",b6b425548036,IN,SEC-ED048-0006,UNIT-ED048-0001,,,CAT-008,PROPOSED_GATE3,SOURCE_ROUTING,HIGH,CAT-008:1,Assigned by G3BR-001: PKG-07 deliverable -> CAT-008.,KTY-08-01_Datasheet-Reference,SUB-08-01-07_DEL-07-07,GATE3_CATEGORY_PROPOSAL;GATE4_KTY_PROPOSAL,FALSE,KTY-08-01_Datasheet-Reference,SUB-08-01-07_DEL-07-07,ACCEPTED_GATE4,SOURCE_ROUTING,HIGH,SUB-08-01-07_DEL-07-07:1,Source-routing: doc/content-kind -> KTY-08-01_Datasheet-Reference; unit -> SUB-08-01-07_DEL-07-07.
HBA-ED048-00013,SRC-DEL-DEL-07-07-SOLVE-EXECUTION-UX-PROGRESS-CANCELLATION-AND-DIAGNOSTICS,ED048,13,Missing rule-check inputs are presented separately from solve readiness as RULE_CHECK_BLOCKING or equivalent diagnostics.,"@repo/execution/PKG-07_Graphical User Interface and Engineering Workflow/1_Working/DEL-07-07_Solve execution UX- progress, cancellation, and diagnostics/Datasheet.md:L34|_Decomposition/source_review_html/SRC-DEL-DEL-07-07-SOLVE-EXECUTION-UX-PROGRESS-CANCELLATION-AND-DIAGNOSTICS.html#SEC-ED048-0006",0e9e392381c2,IN,SEC-ED048-0006,UNIT-ED048-0001,,,CAT-008,PROPOSED_GATE3,SOURCE_ROUTING,HIGH,CAT-008:1,Assigned by G3BR-001: PKG-07 deliverable -> CAT-008.,KTY-08-01_Datasheet-Reference,SUB-08-01-07_DEL-07-07,GATE3_CATEGORY_PROPOSAL;GATE4_KTY_PROPOSAL,FALSE,KTY-08-01_Datasheet-Reference,SUB-08-01-07_DEL-07-07,ACCEPTED_GATE4,SOURCE_ROUTING,HIGH,SUB-08-01-07_DEL-07-07:1,Source-routing: doc/content-kind -> KTY-08-01_Datasheet-Reference; unit -> SUB-08-01-07_DEL-07-07.
HBA-ED048-00014,SRC-DEL-DEL-07-07-SOLVE-EXECUTION-UX-PROGRESS-CANCELLATION-AND-DIAGNOSTICS,ED048,14,Nonlinear or numerical uncertainty is presented as solver diagnostics and warning classes rather than hidden state.,"@repo/execution/PKG-07_Graphical User Interface and Engineering Workflow/1_Working/DEL-07-07_Solve execution UX- progress, cancellation, and diagnostics/Datasheet.md:L35|_Decomposition/source_review_html/SRC-DEL-DEL-07-07-SOLVE-EXECUTION-UX-PROGRESS-CANCELLATION-AND-DIAGNOSTICS.html#SEC-ED048-0006",425a95f3fbe8,IN,SEC-ED048-0006,UNIT-ED048-0001,,,CAT-008,PROPOSED_GATE3,SOURCE_ROUTING,HIGH,CAT-008:1,Assigned by G3BR-001: PKG-07 deliverable -> CAT-008.,KTY-08-01_Datasheet-Reference,SUB-08-01-07_DEL-07-07,GATE3_CATEGORY_PROPOSAL;GATE4_KTY_PROPOSAL,FALSE,KTY-08-01_Datasheet-Reference,SUB-08-01-07_DEL-07-07,ACCEPTED_GATE4,SOURCE_ROUTING,HIGH,SUB-08-01-07_DEL-07-07:1,Source-routing: doc/content-kind -> KTY-08-01_Datasheet-Reference; unit -> SUB-08-01-07_DEL-07-07.
HBA-ED048-00015,SRC-DEL-DEL-07-07-SOLVE-EXECUTION-UX-PROGRESS-CANCELLATION-AND-DIAGNOSTICS,ED048,15,Protected standards/code data is not introduced; any code-specific or proprietary data remains user-supplied and private.,"@repo/execution/PKG-07_Graphical User Interface and Engineering Workflow/1_Working/DEL-07-07_Solve execution UX- progress, cancellation, and diagnostics/Datasheet.md:L36|_Decomposition/source_review_html/SRC-DEL-DEL-07-07-SOLVE-EXECUTION-UX-PROGRESS-CANCELLATION-AND-DIAGNOSTICS.html#SEC-ED048-0006",d43bb917e204,IN,SEC-ED048-0006,UNIT-ED048-0001,,,CAT-008,PROPOSED_GATE3,SOURCE_ROUTING,HIGH,CAT-008:1,Assigned by G3BR-001: PKG-07 deliverable -> CAT-008.,KTY-08-01_Datasheet-Reference,SUB-08-01-07_DEL-07-07,GATE3_CATEGORY_PROPOSAL;GATE4_KTY_PROPOSAL,FALSE,KTY-08-01_Datasheet-Reference,SUB-08-01-07_DEL-07-07,ACCEPTED_GATE4,SOURCE_ROUTING,HIGH,SUB-08-01-07_DEL-07-07:1,Source-routing: doc/content-kind -> KTY-08-01_Datasheet-Reference; unit -> SUB-08-01-07_DEL-07-07.
HBA-ED048-00016,SRC-DEL-DEL-07-07-SOLVE-EXECUTION-UX-PROGRESS-CANCELLATION-AND-DIAGNOSTICS,ED048,16,"Human review remains required; the GUI shall not claim certification, approval, sealing, or code compliance.","@repo/execution/PKG-07_Graphical User Interface and Engineering Workflow/1_Working/DEL-07-07_Solve execution UX- progress, cancellation, and diagnostics/Datasheet.md:L37|_Decomposition/source_review_html/SRC-DEL-DEL-07-07-SOLVE-EXECUTION-UX-PROGRESS-CANCELLATION-AND-DIAGNOSTICS.html#SEC-ED048-0006",5bed0c679e0b,IN,SEC-ED048-0006,UNIT-ED048-0001,,,CAT-008,PROPOSED_GATE3,SOURCE_ROUTING,HIGH,CAT-008:1,Assigned by G3BR-001: PKG-07 deliverable -> CAT-008.,KTY-08-01_Datasheet-Reference,SUB-08-01-07_DEL-07-07,GATE3_CATEGORY_PROPOSAL;GATE4_KTY_PROPOSAL,FALSE,KTY-08-01_Datasheet-Reference,SUB-08-01-07_DEL-07-07,ACCEPTED_GATE4,SOURCE_ROUTING,HIGH,SUB-08-01-07_DEL-07-07:1,Source-routing: doc/content-kind -> KTY-08-01_Datasheet-Reference; unit -> SUB-08-01-07_DEL-07-07.
HBA-ED048-00017,SRC-DEL-DEL-07-07-SOLVE-EXECUTION-UX-PROGRESS-CANCELLATION-AND-DIAGNOSTICS,ED048,17,Run records should preserve model/version/hash/checksum inputs when provided by upstream contracts; exact fields remain TBD.,"@repo/execution/PKG-07_Graphical User Interface and Engineering Workflow/1_Working/DEL-07-07_Solve execution UX- progress, cancellation, and diagnostics/Datasheet.md:L38|_Decomposition/source_review_html/SRC-DEL-DEL-07-07-SOLVE-EXECUTION-UX-PROGRESS-CANCELLATION-AND-DIAGNOSTICS.html#SEC-ED048-0006",b91706a95a3b,IN,SEC-ED048-0006,UNIT-ED048-0001,,,CAT-008,PROPOSED_GATE3,SOURCE_ROUTING,HIGH,CAT-008:1,Assigned by G3BR-001: PKG-07 deliverable -> CAT-008.,KTY-08-01_Datasheet-Reference,SUB-08-01-07_DEL-07-07,GATE3_CATEGORY_PROPOSAL;GATE4_KTY_PROPOSAL,FALSE,KTY-08-01_Datasheet-Reference,SUB-08-01-07_DEL-07-07,ACCEPTED_GATE4,SOURCE_ROUTING,HIGH,SUB-08-01-07_DEL-07-07:1,Source-routing: doc/content-kind -> KTY-08-01_Datasheet-Reference; unit -> SUB-08-01-07_DEL-07-07.
HBA-ED048-00018,SRC-DEL-DEL-07-07-SOLVE-EXECUTION-UX-PROGRESS-CANCELLATION-AND-DIAGNOSTICS,ED048,18,"The DEL-07-07 setup constructs only deliverable-local planning artifacts (Datasheet, Specification, Guidance, Procedure, semantic files, dependency files, run records, and status).","@repo/execution/PKG-07_Graphical User Interface and Engineering Workflow/1_Working/DEL-07-07_Solve execution UX- progress, cancellation, and diagnostics/Datasheet.md:L42|_Decomposition/source_review_html/SRC-DEL-DEL-07-07-SOLVE-EXECUTION-UX-PROGRESS-CANCELLATION-AND-DIAGNOSTICS.html#SEC-ED048-0007",94a768b357a9,IN,SEC-ED048-0007,UNIT-ED048-0001,,,CAT-008,PROPOSED_GATE3,SOURCE_ROUTING,HIGH,CAT-008:1,Assigned by G3BR-001: PKG-07 deliverable -> CAT-008.,KTY-08-01_Datasheet-Reference,SUB-08-01-07_DEL-07-07,GATE3_CATEGORY_PROPOSAL;GATE4_KTY_PROPOSAL,FALSE,KTY-08-01_Datasheet-Reference,SUB-08-01-07_DEL-07-07,ACCEPTED_GATE4,SOURCE_ROUTING,HIGH,SUB-08-01-07_DEL-07-07:1,Source-routing: doc/content-kind -> KTY-08-01_Datasheet-Reference; unit -> SUB-08-01-07_DEL-07-07.
HBA-ED048-00019,SRC-DEL-DEL-07-07-SOLVE-EXECUTION-UX-PROGRESS-CANCELLATION-AND-DIAGNOSTICS,ED048,19,"Future implementation work must remain bounded by the GUI/application-service seam defined by PKG-00, consuming command/job/progress/cancellation and diagnostics/result-envelope contracts rather than inventing GUI-owned solver semantics.","@repo/execution/PKG-07_Graphical User Interface and Engineering Workflow/1_Working/DEL-07-07_Solve execution UX- progress, cancellation, and diagnostics/Datasheet.md:L55|_Decomposition/source_review_html/SRC-DEL-DEL-07-07-SOLVE-EXECUTION-UX-PROGRESS-CANCELLATION-AND-DIAGNOSTICS.html#SEC-ED048-0007",ff3c9a24bf2a,IN,SEC-ED048-0007,UNIT-ED048-0001,,,CAT-008,PROPOSED_GATE3,SOURCE_ROUTING,HIGH,CAT-008:1,Assigned by G3BR-001: PKG-07 deliverable -> CAT-008.,KTY-08-01_Datasheet-Reference,SUB-08-01-07_DEL-07-07,GATE3_CATEGORY_PROPOSAL;GATE4_KTY_PROPOSAL,FALSE,KTY-08-01_Datasheet-Reference,SUB-08-01-07_DEL-07-07,ACCEPTED_GATE4,SOURCE_ROUTING,HIGH,SUB-08-01-07_DEL-07-07:1,Source-routing: doc/content-kind -> KTY-08-01_Datasheet-Reference; unit -> SUB-08-01-07_DEL-07-07.
HBA-ED048-00020,SRC-DEL-DEL-07-07-SOLVE-EXECUTION-UX-PROGRESS-CANCELLATION-AND-DIAGNOSTICS,ED048,20,"DEL-00-03 (Application service command-query-job model) Specification supplies the command, job, cancellation, progress, and result-envelope boundary for DEL-07-07.","@repo/execution/PKG-07_Graphical User Interface and Engineering Workflow/1_Working/DEL-07-07_Solve execution UX- progress, cancellation, and diagnostics/Datasheet.md:L70|_Decomposition/source_review_html/SRC-DEL-DEL-07-07-SOLVE-EXECUTION-UX-PROGRESS-CANCELLATION-AND-DIAGNOSTICS.html#SEC-ED048-0008",735b2e47fb66,IN,SEC-ED048-0008,UNIT-ED048-0001,,,CAT-008,PROPOSED_GATE3,SOURCE_ROUTING,HIGH,CAT-008:1,Assigned by G3BR-001: PKG-07 deliverable -> CAT-008.,KTY-08-01_Datasheet-Reference,SUB-08-01-07_DEL-07-07,GATE3_CATEGORY_PROPOSAL;GATE4_KTY_PROPOSAL,FALSE,KTY-08-01_Datasheet-Reference,SUB-08-01-07_DEL-07-07,ACCEPTED_GATE4,SOURCE_ROUTING,HIGH,SUB-08-01-07_DEL-07-07:1,Source-routing: doc/content-kind -> KTY-08-01_Datasheet-Reference; unit -> SUB-08-01-07_DEL-07-07.
HBA-ED048-00021,SRC-DEL-DEL-07-07-SOLVE-EXECUTION-UX-PROGRESS-CANCELLATION-AND-DIAGNOSTICS,ED048,21,DEL-00-05 (GUI state and interaction architecture) Specification supplies separation of durable/transient GUI state and job-progress state.,"@repo/execution/PKG-07_Graphical User Interface and Engineering Workflow/1_Working/DEL-07-07_Solve execution UX- progress, cancellation, and diagnostics/Datasheet.md:L71|_Decomposition/source_review_html/SRC-DEL-DEL-07-07-SOLVE-EXECUTION-UX-PROGRESS-CANCELLATION-AND-DIAGNOSTICS.html#SEC-ED048-0008",9e3d635d43d0,IN,SEC-ED048-0008,UNIT-ED048-0001,,,CAT-008,PROPOSED_GATE3,SOURCE_ROUTING,HIGH,CAT-008:1,Assigned by G3BR-001: PKG-07 deliverable -> CAT-008.,KTY-08-01_Datasheet-Reference,SUB-08-01-07_DEL-07-07,GATE3_CATEGORY_PROPOSAL;GATE4_KTY_PROPOSAL,FALSE,KTY-08-01_Datasheet-Reference,SUB-08-01-07_DEL-07-07,ACCEPTED_GATE4,SOURCE_ROUTING,HIGH,SUB-08-01-07_DEL-07-07:1,Source-routing: doc/content-kind -> KTY-08-01_Datasheet-Reference; unit -> SUB-08-01-07_DEL-07-07.
HBA-ED048-00022,SRC-DEL-DEL-07-07-SOLVE-EXECUTION-UX-PROGRESS-CANCELLATION-AND-DIAGNOSTICS,ED048,22,"DEL-00-06 (Diagnostics, warning, and result-envelope contract) Specification supplies diagnostics fields, warning classes, and the no-compliance-claim boundary.","@repo/execution/PKG-07_Graphical User Interface and Engineering Workflow/1_Working/DEL-07-07_Solve execution UX- progress, cancellation, and diagnostics/Datasheet.md:L72|_Decomposition/source_review_html/SRC-DEL-DEL-07-07-SOLVE-EXECUTION-UX-PROGRESS-CANCELLATION-AND-DIAGNOSTICS.html#SEC-ED048-0008",edbcda115f80,IN,SEC-ED048-0008,UNIT-ED048-0001,,,CAT-008,PROPOSED_GATE3,SOURCE_ROUTING,HIGH,CAT-008:1,Assigned by G3BR-001: PKG-07 deliverable -> CAT-008.,KTY-08-01_Datasheet-Reference,SUB-08-01-07_DEL-07-07,GATE3_CATEGORY_PROPOSAL;GATE4_KTY_PROPOSAL,FALSE,KTY-08-01_Datasheet-Reference,SUB-08-01-07_DEL-07-07,ACCEPTED_GATE4,SOURCE_ROUTING,HIGH,SUB-08-01-07_DEL-07-07:1,Source-routing: doc/content-kind -> KTY-08-01_Datasheet-Reference; unit -> SUB-08-01-07_DEL-07-07.
HBA-ED048-00023,SRC-DEL-DEL-07-07-SOLVE-EXECUTION-UX-PROGRESS-CANCELLATION-AND-DIAGNOSTICS,ED048,23,"DEL-07-07 keeps solve execution reviewable from the GUI without moving solver authority into the GUI, letting the user see that a solve is running, its reported progress, cancellation status, and qualifying diagnostics.","@repo/execution/PKG-07_Graphical User Interface and Engineering Workflow/1_Working/DEL-07-07_Solve execution UX- progress, cancellation, and diagnostics/Guidance.md:L5|_Decomposition/source_review_html/SRC-DEL-DEL-07-07-SOLVE-EXECUTION-UX-PROGRESS-CANCELLATION-AND-DIAGNOSTICS.html#SEC-ED048-0011",fc79695e1732,IN,SEC-ED048-0011,UNIT-ED048-0001,,,CAT-008,PROPOSED_GATE3,SOURCE_ROUTING,HIGH,CAT-008:1,Assigned by G3BR-001: PKG-07 deliverable -> CAT-008.,KTY-08-03_Guidance,SUB-08-03-07_DEL-07-07,GATE3_CATEGORY_PROPOSAL;GATE4_KTY_PROPOSAL,FALSE,KTY-08-03_Guidance,SUB-08-03-07_DEL-07-07,ACCEPTED_GATE4,SOURCE_ROUTING,HIGH,SUB-08-03-07_DEL-07-07:1,Source-routing: doc/content-kind -> KTY-08-03_Guidance; unit -> SUB-08-03-07_DEL-07-07.
HBA-ED048-00024,SRC-DEL-DEL-07-07-SOLVE-EXECUTION-UX-PROGRESS-CANCELLATION-AND-DIAGNOSTICS,ED048,24,"The setup is contract-facing: it prepares a future GUI slice to consume application-service jobs and diagnostics/result envelopes while preserving missing-data, provenance, unit, privacy, and professional-responsibility boundaries.","@repo/execution/PKG-07_Graphical User Interface and Engineering Workflow/1_Working/DEL-07-07_Solve execution UX- progress, cancellation, and diagnostics/Guidance.md:L7|_Decomposition/source_review_html/SRC-DEL-DEL-07-07-SOLVE-EXECUTION-UX-PROGRESS-CANCELLATION-AND-DIAGNOSTICS.html#SEC-ED048-0011",81291c9889ea,IN,SEC-ED048-0011,UNIT-ED048-0001,,,CAT-008,PROPOSED_GATE3,SOURCE_ROUTING,HIGH,CAT-008:1,Assigned by G3BR-001: PKG-07 deliverable -> CAT-008.,KTY-08-03_Guidance,SUB-08-03-07_DEL-07-07,GATE3_CATEGORY_PROPOSAL;GATE4_KTY_PROPOSAL,FALSE,KTY-08-03_Guidance,SUB-08-03-07_DEL-07-07,ACCEPTED_GATE4,SOURCE_ROUTING,HIGH,SUB-08-03-07_DEL-07-07:1,Source-routing: doc/content-kind -> KTY-08-03_Guidance; unit -> SUB-08-03-07_DEL-07-07.
HBA-ED048-00025,SRC-DEL-DEL-07-07-SOLVE-EXECUTION-UX-PROGRESS-CANCELLATION-AND-DIAGNOSTICS,ED048,25,Service boundary first: GUI components initiate commands/jobs and observe job/envelope state; they do not own solver lifecycle semantics.,"@repo/execution/PKG-07_Graphical User Interface and Engineering Workflow/1_Working/DEL-07-07_Solve execution UX- progress, cancellation, and diagnostics/Guidance.md:L13|_Decomposition/source_review_html/SRC-DEL-DEL-07-07-SOLVE-EXECUTION-UX-PROGRESS-CANCELLATION-AND-DIAGNOSTICS.html#SEC-ED048-0012",fff9392554b3,IN,SEC-ED048-0012,UNIT-ED048-0001,,,CAT-008,PROPOSED_GATE3,SOURCE_ROUTING,HIGH,CAT-008:1,Assigned by G3BR-001: PKG-07 deliverable -> CAT-008.,KTY-08-03_Guidance,SUB-08-03-07_DEL-07-07,GATE3_CATEGORY_PROPOSAL;GATE4_KTY_PROPOSAL,FALSE,KTY-08-03_Guidance,SUB-08-03-07_DEL-07-07,ACCEPTED_GATE4,SOURCE_ROUTING,HIGH,SUB-08-03-07_DEL-07-07:1,Source-routing: doc/content-kind -> KTY-08-03_Guidance; unit -> SUB-08-03-07_DEL-07-07.
HBA-ED048-00026,SRC-DEL-DEL-07-07-SOLVE-EXECUTION-UX-PROGRESS-CANCELLATION-AND-DIAGNOSTICS,ED048,26,"Report what is supplied: progress should reflect service-provided phases, counts, statuses, or messages, and show indeterminate progress rather than fabricate precision when only indeterminate progress is available.","@repo/execution/PKG-07_Graphical User Interface and Engineering Workflow/1_Working/DEL-07-07_Solve execution UX- progress, cancellation, and diagnostics/Guidance.md:L14|_Decomposition/source_review_html/SRC-DEL-DEL-07-07-SOLVE-EXECUTION-UX-PROGRESS-CANCELLATION-AND-DIAGNOSTICS.html#SEC-ED048-0012",8668696a770b,IN,SEC-ED048-0012,UNIT-ED048-0001,,,CAT-008,PROPOSED_GATE3,SOURCE_ROUTING,HIGH,CAT-008:1,Assigned by G3BR-001: PKG-07 deliverable -> CAT-008.,KTY-08-03_Guidance,SUB-08-03-07_DEL-07-07,GATE3_CATEGORY_PROPOSAL;GATE4_KTY_PROPOSAL,FALSE,KTY-08-03_Guidance,SUB-08-03-07_DEL-07-07,ACCEPTED_GATE4,SOURCE_ROUTING,HIGH,SUB-08-03-07_DEL-07-07:1,Source-routing: doc/content-kind -> KTY-08-03_Guidance; unit -> SUB-08-03-07_DEL-07-07.
HBA-ED048-00027,SRC-DEL-DEL-07-07-SOLVE-EXECUTION-UX-PROGRESS-CANCELLATION-AND-DIAGNOSTICS,ED048,27,"Cancellation is a request: cancellation UX should distinguish requested, accepted, completed, failed, and not-supported states only when the service contract supplies them; exact enum names remain TBD.","@repo/execution/PKG-07_Graphical User Interface and Engineering Workflow/1_Working/DEL-07-07_Solve execution UX- progress, cancellation, and diagnostics/Guidance.md:L15|_Decomposition/source_review_html/SRC-DEL-DEL-07-07-SOLVE-EXECUTION-UX-PROGRESS-CANCELLATION-AND-DIAGNOSTICS.html#SEC-ED048-0012",0180a97cb490,IN,SEC-ED048-0012,UNIT-ED048-0001,,,CAT-008,PROPOSED_GATE3,SOURCE_ROUTING,HIGH,CAT-008:1,Assigned by G3BR-001: PKG-07 deliverable -> CAT-008.,KTY-08-03_Guidance,SUB-08-03-07_DEL-07-07,GATE3_CATEGORY_PROPOSAL;GATE4_KTY_PROPOSAL,FALSE,KTY-08-03_Guidance,SUB-08-03-07_DEL-07-07,ACCEPTED_GATE4,SOURCE_ROUTING,HIGH,SUB-08-03-07_DEL-07-07:1,Source-routing: doc/content-kind -> KTY-08-03_Guidance; unit -> SUB-08-03-07_DEL-07-07.
HBA-ED048-00028,SRC-DEL-DEL-07-07-SOLVE-EXECUTION-UX-PROGRESS-CANCELLATION-AND-DIAGNOSTICS,ED048,28,"Diagnostics stay attached: warnings and errors should remain linked to the run, affected object, source, severity, and remediation fields where available.","@repo/execution/PKG-07_Graphical User Interface and Engineering Workflow/1_Working/DEL-07-07_Solve execution UX- progress, cancellation, and diagnostics/Guidance.md:L16|_Decomposition/source_review_html/SRC-DEL-DEL-07-07-SOLVE-EXECUTION-UX-PROGRESS-CANCELLATION-AND-DIAGNOSTICS.html#SEC-ED048-0012",c15fb825809b,IN,SEC-ED048-0012,UNIT-ED048-0001,,,CAT-008,PROPOSED_GATE3,SOURCE_ROUTING,HIGH,CAT-008:1,Assigned by G3BR-001: PKG-07 deliverable -> CAT-008.,KTY-08-03_Guidance,SUB-08-03-07_DEL-07-07,GATE3_CATEGORY_PROPOSAL;GATE4_KTY_PROPOSAL,FALSE,KTY-08-03_Guidance,SUB-08-03-07_DEL-07-07,ACCEPTED_GATE4,SOURCE_ROUTING,HIGH,SUB-08-03-07_DEL-07-07:1,Source-routing: doc/content-kind -> KTY-08-03_Guidance; unit -> SUB-08-03-07_DEL-07-07.
HBA-ED048-00029,SRC-DEL-DEL-07-07-SOLVE-EXECUTION-UX-PROGRESS-CANCELLATION-AND-DIAGNOSTICS,ED048,29,"Missing data is visible: solve-blocking, rule-check-blocking, provenance, assumption, nonlinear, and IP-boundary warnings should remain visible instead of becoming generic failure messages.","@repo/execution/PKG-07_Graphical User Interface and Engineering Workflow/1_Working/DEL-07-07_Solve execution UX- progress, cancellation, and diagnostics/Guidance.md:L17|_Decomposition/source_review_html/SRC-DEL-DEL-07-07-SOLVE-EXECUTION-UX-PROGRESS-CANCELLATION-AND-DIAGNOSTICS.html#SEC-ED048-0012",350273656661,IN,SEC-ED048-0012,UNIT-ED048-0001,,,CAT-008,PROPOSED_GATE3,SOURCE_ROUTING,HIGH,CAT-008:1,Assigned by G3BR-001: PKG-07 deliverable -> CAT-008.,KTY-08-03_Guidance,SUB-08-03-07_DEL-07-07,GATE3_CATEGORY_PROPOSAL;GATE4_KTY_PROPOSAL,FALSE,KTY-08-03_Guidance,SUB-08-03-07_DEL-07-07,ACCEPTED_GATE4,SOURCE_ROUTING,HIGH,SUB-08-03-07_DEL-07-07:1,Source-routing: doc/content-kind -> KTY-08-03_Guidance; unit -> SUB-08-03-07_DEL-07-07.
HBA-ED048-00030,SRC-DEL-DEL-07-07-SOLVE-EXECUTION-UX-PROGRESS-CANCELLATION-AND-DIAGNOSTICS,ED048,30,"Professional boundary remains visible: a completed mechanics solve is not a code-compliance certificate, and human review remains required for professional reliance.","@repo/execution/PKG-07_Graphical User Interface and Engineering Workflow/1_Working/DEL-07-07_Solve execution UX- progress, cancellation, and diagnostics/Guidance.md:L18|_Decomposition/source_review_html/SRC-DEL-DEL-07-07-SOLVE-EXECUTION-UX-PROGRESS-CANCELLATION-AND-DIAGNOSTICS.html#SEC-ED048-0012",3c4811c25695,IN,SEC-ED048-0012,UNIT-ED048-0001,,,CAT-008,PROPOSED_GATE3,SOURCE_ROUTING,HIGH,CAT-008:1,Assigned by G3BR-001: PKG-07 deliverable -> CAT-008.,KTY-08-03_Guidance,SUB-08-03-07_DEL-07-07,GATE3_CATEGORY_PROPOSAL;GATE4_KTY_PROPOSAL,FALSE,KTY-08-03_Guidance,SUB-08-03-07_DEL-07-07,ACCEPTED_GATE4,SOURCE_ROUTING,HIGH,SUB-08-03-07_DEL-07-07:1,Source-routing: doc/content-kind -> KTY-08-03_Guidance; unit -> SUB-08-03-07_DEL-07-07.
HBA-ED048-00031,SRC-DEL-DEL-07-07-SOLVE-EXECUTION-UX-PROGRESS-CANCELLATION-AND-DIAGNOSTICS,ED048,31,"Background solves often have phases meaningful to users even when exact completion percentages are not reliable; a future UI can show service-reported states only if supplied by the job contract, and such labels are UX-category examples, not fixed contract enums.","@repo/execution/PKG-07_Graphical User Interface and Engineering Workflow/1_Working/DEL-07-07_Solve execution UX- progress, cancellation, and diagnostics/Guidance.md:L22|_Decomposition/source_review_html/SRC-DEL-DEL-07-07-SOLVE-EXECUTION-UX-PROGRESS-CANCELLATION-AND-DIAGNOSTICS.html#SEC-ED048-0013",59868a538991,IN,SEC-ED048-0013,UNIT-ED048-0001,,,CAT-008,PROPOSED_GATE3,SOURCE_ROUTING,HIGH,CAT-008:1,Assigned by G3BR-001: PKG-07 deliverable -> CAT-008.,KTY-08-03_Guidance,SUB-08-03-07_DEL-07-07,GATE3_CATEGORY_PROPOSAL;GATE4_KTY_PROPOSAL,FALSE,KTY-08-03_Guidance,SUB-08-03-07_DEL-07-07,ACCEPTED_GATE4,SOURCE_ROUTING,HIGH,SUB-08-03-07_DEL-07-07:1,Source-routing: doc/content-kind -> KTY-08-03_Guidance; unit -> SUB-08-03-07_DEL-07-07.
HBA-ED048-00032,SRC-DEL-DEL-07-07-SOLVE-EXECUTION-UX-PROGRESS-CANCELLATION-AND-DIAGNOSTICS,ED048,32,"Cancellation should preserve auditability: a canceled run may still produce diagnostics, partial records, or a terminal envelope, and the GUI should present that terminal envelope rather than removing the run from view.","@repo/execution/PKG-07_Graphical User Interface and Engineering Workflow/1_Working/DEL-07-07_Solve execution UX- progress, cancellation, and diagnostics/Guidance.md:L24|_Decomposition/source_review_html/SRC-DEL-DEL-07-07-SOLVE-EXECUTION-UX-PROGRESS-CANCELLATION-AND-DIAGNOSTICS.html#SEC-ED048-0013",98695fdedb93,IN,SEC-ED048-0013,UNIT-ED048-0001,,,CAT-008,PROPOSED_GATE3,SOURCE_ROUTING,HIGH,CAT-008:1,Assigned by G3BR-001: PKG-07 deliverable -> CAT-008.,KTY-08-03_Guidance,SUB-08-03-07_DEL-07-07,GATE3_CATEGORY_PROPOSAL;GATE4_KTY_PROPOSAL,FALSE,KTY-08-03_Guidance,SUB-08-03-07_DEL-07-07,ACCEPTED_GATE4,SOURCE_ROUTING,HIGH,SUB-08-03-07_DEL-07-07:1,Source-routing: doc/content-kind -> KTY-08-03_Guidance; unit -> SUB-08-03-07_DEL-07-07.
HBA-ED048-00033,SRC-DEL-DEL-07-07-SOLVE-EXECUTION-UX-PROGRESS-CANCELLATION-AND-DIAGNOSTICS,ED048,33,"Diagnostic presentation should support both quick triage and detailed review, keeping diagnostic class and severity visible (solve-blocking, rule-check-blocking, provenance/assumption, nonlinear/numerical) without converting warnings into professional judgments.","@repo/execution/PKG-07_Graphical User Interface and Engineering Workflow/1_Working/DEL-07-07_Solve execution UX- progress, cancellation, and diagnostics/Guidance.md:L26|_Decomposition/source_review_html/SRC-DEL-DEL-07-07-SOLVE-EXECUTION-UX-PROGRESS-CANCELLATION-AND-DIAGNOSTICS.html#SEC-ED048-0013",d3df124e0823,IN,SEC-ED048-0013,UNIT-ED048-0001,,,CAT-008,PROPOSED_GATE3,SOURCE_ROUTING,HIGH,CAT-008:1,Assigned by G3BR-001: PKG-07 deliverable -> CAT-008.,KTY-08-03_Guidance,SUB-08-03-07_DEL-07-07,GATE3_CATEGORY_PROPOSAL;GATE4_KTY_PROPOSAL,FALSE,KTY-08-03_Guidance,SUB-08-03-07_DEL-07-07,ACCEPTED_GATE4,SOURCE_ROUTING,HIGH,SUB-08-03-07_DEL-07-07:1,Source-routing: doc/content-kind -> KTY-08-03_Guidance; unit -> SUB-08-03-07_DEL-07-07.
HBA-ED048-00034,SRC-DEL-DEL-07-07-SOLVE-EXECUTION-UX-PROGRESS-CANCELLATION-AND-DIAGNOSTICS,ED048,34,"Result/export readiness should be traceable: where upstream contracts supply hashes, solver versions, model versions, rule-pack checksums, warning sets, and limitations, the solve UX should preserve those signals and mark missing fields TBD rather than inventing them.","@repo/execution/PKG-07_Graphical User Interface and Engineering Workflow/1_Working/DEL-07-07_Solve execution UX- progress, cancellation, and diagnostics/Guidance.md:L28|_Decomposition/source_review_html/SRC-DEL-DEL-07-07-SOLVE-EXECUTION-UX-PROGRESS-CANCELLATION-AND-DIAGNOSTICS.html#SEC-ED048-0013",9e6b251786ae,IN,SEC-ED048-0013,UNIT-ED048-0001,,,CAT-008,PROPOSED_GATE3,SOURCE_ROUTING,HIGH,CAT-008:1,Assigned by G3BR-001: PKG-07 deliverable -> CAT-008.,KTY-08-03_Guidance,SUB-08-03-07_DEL-07-07,GATE3_CATEGORY_PROPOSAL;GATE4_KTY_PROPOSAL,FALSE,KTY-08-03_Guidance,SUB-08-03-07_DEL-07-07,ACCEPTED_GATE4,SOURCE_ROUTING,HIGH,SUB-08-03-07_DEL-07-07:1,Source-routing: doc/content-kind -> KTY-08-03_Guidance; unit -> SUB-08-03-07_DEL-07-07.
HBA-ED048-00035,SRC-DEL-DEL-07-07-SOLVE-EXECUTION-UX-PROGRESS-CANCELLATION-AND-DIAGNOSTICS,ED048,35,"Percent progress trade-off: prefer contract-supplied percentages, otherwise use indeterminate or phase-based progress, because false precision can mislead users and reviewers.","@repo/execution/PKG-07_Graphical User Interface and Engineering Workflow/1_Working/DEL-07-07_Solve execution UX- progress, cancellation, and diagnostics/Guidance.md:L34|_Decomposition/source_review_html/SRC-DEL-DEL-07-07-SOLVE-EXECUTION-UX-PROGRESS-CANCELLATION-AND-DIAGNOSTICS.html#SEC-ED048-0014",1d04ccf343ce,IN,SEC-ED048-0014,UNIT-ED048-0001,,,CAT-008,PROPOSED_GATE3,SOURCE_ROUTING,HIGH,CAT-008:1,Assigned by G3BR-001: PKG-07 deliverable -> CAT-008.,KTY-08-03_Guidance,SUB-08-03-07_DEL-07-07,GATE3_CATEGORY_PROPOSAL;GATE4_KTY_PROPOSAL,FALSE,KTY-08-03_Guidance,SUB-08-03-07_DEL-07-07,ACCEPTED_GATE4,SOURCE_ROUTING,HIGH,SUB-08-03-07_DEL-07-07:1,Source-routing: doc/content-kind -> KTY-08-03_Guidance; unit -> SUB-08-03-07_DEL-07-07.
HBA-ED048-00036,SRC-DEL-DEL-07-07-SOLVE-EXECUTION-UX-PROGRESS-CANCELLATION-AND-DIAGNOSTICS,ED048,36,"Cancellation feedback trade-off: show the cancellation request and final job state separately, or users may believe a solve stopped cleanly when the service did not confirm it.","@repo/execution/PKG-07_Graphical User Interface and Engineering Workflow/1_Working/DEL-07-07_Solve execution UX- progress, cancellation, and diagnostics/Guidance.md:L35|_Decomposition/source_review_html/SRC-DEL-DEL-07-07-SOLVE-EXECUTION-UX-PROGRESS-CANCELLATION-AND-DIAGNOSTICS.html#SEC-ED048-0014",ac006200c101,IN,SEC-ED048-0014,UNIT-ED048-0001,,,CAT-008,PROPOSED_GATE3,SOURCE_ROUTING,HIGH,CAT-008:1,Assigned by G3BR-001: PKG-07 deliverable -> CAT-008.,KTY-08-03_Guidance,SUB-08-03-07_DEL-07-07,GATE3_CATEGORY_PROPOSAL;GATE4_KTY_PROPOSAL,FALSE,KTY-08-03_Guidance,SUB-08-03-07_DEL-07-07,ACCEPTED_GATE4,SOURCE_ROUTING,HIGH,SUB-08-03-07_DEL-07-07:1,Source-routing: doc/content-kind -> KTY-08-03_Guidance; unit -> SUB-08-03-07_DEL-07-07.
HBA-ED048-00037,SRC-DEL-DEL-07-07-SOLVE-EXECUTION-UX-PROGRESS-CANCELLATION-AND-DIAGNOSTICS,ED048,37,"Diagnostic density trade-off: provide both summary and detail surfaces, since hiding details weakens reviewability while flooding the main surface weakens usability.","@repo/execution/PKG-07_Graphical User Interface and Engineering Workflow/1_Working/DEL-07-07_Solve execution UX- progress, cancellation, and diagnostics/Guidance.md:L36|_Decomposition/source_review_html/SRC-DEL-DEL-07-07-SOLVE-EXECUTION-UX-PROGRESS-CANCELLATION-AND-DIAGNOSTICS.html#SEC-ED048-0014",84fbc081ebd8,IN,SEC-ED048-0014,UNIT-ED048-0001,,,CAT-008,PROPOSED_GATE3,SOURCE_ROUTING,HIGH,CAT-008:1,Assigned by G3BR-001: PKG-07 deliverable -> CAT-008.,KTY-08-03_Guidance,SUB-08-03-07_DEL-07-07,GATE3_CATEGORY_PROPOSAL;GATE4_KTY_PROPOSAL,FALSE,KTY-08-03_Guidance,SUB-08-03-07_DEL-07-07,ACCEPTED_GATE4,SOURCE_ROUTING,HIGH,SUB-08-03-07_DEL-07-07:1,Source-routing: doc/content-kind -> KTY-08-03_Guidance; unit -> SUB-08-03-07_DEL-07-07.
HBA-ED048-00038,SRC-DEL-DEL-07-07-SOLVE-EXECUTION-UX-PROGRESS-CANCELLATION-AND-DIAGNOSTICS,ED048,38,"Result status wording trade-off: use mechanics/rule/human-review status vocabulary, or users may infer code compliance or professional approval from software output.","@repo/execution/PKG-07_Graphical User Interface and Engineering Workflow/1_Working/DEL-07-07_Solve execution UX- progress, cancellation, and diagnostics/Guidance.md:L37|_Decomposition/source_review_html/SRC-DEL-DEL-07-07-SOLVE-EXECUTION-UX-PROGRESS-CANCELLATION-AND-DIAGNOSTICS.html#SEC-ED048-0014",579831d6bf12,IN,SEC-ED048-0014,UNIT-ED048-0001,,,CAT-008,PROPOSED_GATE3,SOURCE_ROUTING,HIGH,CAT-008:1,Assigned by G3BR-001: PKG-07 deliverable -> CAT-008.,KTY-08-03_Guidance,SUB-08-03-07_DEL-07-07,GATE3_CATEGORY_PROPOSAL;GATE4_KTY_PROPOSAL,FALSE,KTY-08-03_Guidance,SUB-08-03-07_DEL-07-07,ACCEPTED_GATE4,SOURCE_ROUTING,HIGH,SUB-08-03-07_DEL-07-07:1,Source-routing: doc/content-kind -> KTY-08-03_Guidance; unit -> SUB-08-03-07_DEL-07-07.
HBA-ED048-00039,SRC-DEL-DEL-07-07-SOLVE-EXECUTION-UX-PROGRESS-CANCELLATION-AND-DIAGNOSTICS,ED048,39,"Error recovery trade-off: preserve terminal envelopes and run records, or failed/canceled solves become unreviewable.","@repo/execution/PKG-07_Graphical User Interface and Engineering Workflow/1_Working/DEL-07-07_Solve execution UX- progress, cancellation, and diagnostics/Guidance.md:L38|_Decomposition/source_review_html/SRC-DEL-DEL-07-07-SOLVE-EXECUTION-UX-PROGRESS-CANCELLATION-AND-DIAGNOSTICS.html#SEC-ED048-0014",3f022b8f2349,IN,SEC-ED048-0014,UNIT-ED048-0001,,,CAT-008,PROPOSED_GATE3,SOURCE_ROUTING,HIGH,CAT-008:1,Assigned by G3BR-001: PKG-07 deliverable -> CAT-008.,KTY-08-03_Guidance,SUB-08-03-07_DEL-07-07,GATE3_CATEGORY_PROPOSAL;GATE4_KTY_PROPOSAL,FALSE,KTY-08-03_Guidance,SUB-08-03-07_DEL-07-07,ACCEPTED_GATE4,SOURCE_ROUTING,HIGH,SUB-08-03-07_DEL-07-07:1,Source-routing: doc/content-kind -> KTY-08-03_Guidance; unit -> SUB-08-03-07_DEL-07-07.
HBA-ED048-00040,SRC-DEL-DEL-07-07-SOLVE-EXECUTION-UX-PROGRESS-CANCELLATION-AND-DIAGNOSTICS,ED048,40,"Non-normative example: if the job contract supplies no percentage, show an indeterminate progress indicator plus the current service-reported phase.","@repo/execution/PKG-07_Graphical User Interface and Engineering Workflow/1_Working/DEL-07-07_Solve execution UX- progress, cancellation, and diagnostics/Guidance.md:L44|_Decomposition/source_review_html/SRC-DEL-DEL-07-07-SOLVE-EXECUTION-UX-PROGRESS-CANCELLATION-AND-DIAGNOSTICS.html#SEC-ED048-0015",7d2d19d2709e,IN,SEC-ED048-0015,UNIT-ED048-0001,,,CAT-008,PROPOSED_GATE3,SOURCE_ROUTING,HIGH,CAT-008:1,Assigned by G3BR-001: PKG-07 deliverable -> CAT-008.,KTY-08-03_Guidance,SUB-08-03-07_DEL-07-07,GATE3_CATEGORY_PROPOSAL;GATE4_KTY_PROPOSAL,FALSE,KTY-08-03_Guidance,SUB-08-03-07_DEL-07-07,ACCEPTED_GATE4,SOURCE_ROUTING,HIGH,SUB-08-03-07_DEL-07-07:1,Source-routing: doc/content-kind -> KTY-08-03_Guidance; unit -> SUB-08-03-07_DEL-07-07.
HBA-ED048-00041,SRC-DEL-DEL-07-07-SOLVE-EXECUTION-UX-PROGRESS-CANCELLATION-AND-DIAGNOSTICS,ED048,41,"Non-normative example: if cancellation is requested, disable duplicate cancel requests while continuing to display diagnostics and the final terminal envelope when received.","@repo/execution/PKG-07_Graphical User Interface and Engineering Workflow/1_Working/DEL-07-07_Solve execution UX- progress, cancellation, and diagnostics/Guidance.md:L45|_Decomposition/source_review_html/SRC-DEL-DEL-07-07-SOLVE-EXECUTION-UX-PROGRESS-CANCELLATION-AND-DIAGNOSTICS.html#SEC-ED048-0015",16b6e11efb0c,IN,SEC-ED048-0015,UNIT-ED048-0001,,,CAT-008,PROPOSED_GATE3,SOURCE_ROUTING,HIGH,CAT-008:1,Assigned by G3BR-001: PKG-07 deliverable -> CAT-008.,KTY-08-03_Guidance,SUB-08-03-07_DEL-07-07,GATE3_CATEGORY_PROPOSAL;GATE4_KTY_PROPOSAL,FALSE,KTY-08-03_Guidance,SUB-08-03-07_DEL-07-07,ACCEPTED_GATE4,SOURCE_ROUTING,HIGH,SUB-08-03-07_DEL-07-07:1,Source-routing: doc/content-kind -> KTY-08-03_Guidance; unit -> SUB-08-03-07_DEL-07-07.
HBA-ED048-00042,SRC-DEL-DEL-07-07-SOLVE-EXECUTION-UX-PROGRESS-CANCELLATION-AND-DIAGNOSTICS,ED048,42,"Non-normative example: if a solve completes but rule-pack inputs are missing, present the mechanics result separately from the rule-check-blocking diagnostics.","@repo/execution/PKG-07_Graphical User Interface and Engineering Workflow/1_Working/DEL-07-07_Solve execution UX- progress, cancellation, and diagnostics/Guidance.md:L46|_Decomposition/source_review_html/SRC-DEL-DEL-07-07-SOLVE-EXECUTION-UX-PROGRESS-CANCELLATION-AND-DIAGNOSTICS.html#SEC-ED048-0015",bb0e48c0dc59,IN,SEC-ED048-0015,UNIT-ED048-0001,,,CAT-008,PROPOSED_GATE3,SOURCE_ROUTING,HIGH,CAT-008:1,Assigned by G3BR-001: PKG-07 deliverable -> CAT-008.,KTY-08-03_Guidance,SUB-08-03-07_DEL-07-07,GATE3_CATEGORY_PROPOSAL;GATE4_KTY_PROPOSAL,FALSE,KTY-08-03_Guidance,SUB-08-03-07_DEL-07-07,ACCEPTED_GATE4,SOURCE_ROUTING,HIGH,SUB-08-03-07_DEL-07-07:1,Source-routing: doc/content-kind -> KTY-08-03_Guidance; unit -> SUB-08-03-07_DEL-07-07.
HBA-ED048-00043,SRC-DEL-DEL-07-07-SOLVE-EXECUTION-UX-PROGRESS-CANCELLATION-AND-DIAGNOSTICS,ED048,43,"Non-normative example: if a nonlinear warning is returned, keep it visible with the affected object and remediation text supplied by the diagnostic record.","@repo/execution/PKG-07_Graphical User Interface and Engineering Workflow/1_Working/DEL-07-07_Solve execution UX- progress, cancellation, and diagnostics/Guidance.md:L47|_Decomposition/source_review_html/SRC-DEL-DEL-07-07-SOLVE-EXECUTION-UX-PROGRESS-CANCELLATION-AND-DIAGNOSTICS.html#SEC-ED048-0015",da4271564437,IN,SEC-ED048-0015,UNIT-ED048-0001,,,CAT-008,PROPOSED_GATE3,SOURCE_ROUTING,HIGH,CAT-008:1,Assigned by G3BR-001: PKG-07 deliverable -> CAT-008.,KTY-08-03_Guidance,SUB-08-03-07_DEL-07-07,GATE3_CATEGORY_PROPOSAL;GATE4_KTY_PROPOSAL,FALSE,KTY-08-03_Guidance,SUB-08-03-07_DEL-07-07,ACCEPTED_GATE4,SOURCE_ROUTING,HIGH,SUB-08-03-07_DEL-07-07:1,Source-routing: doc/content-kind -> KTY-08-03_Guidance; unit -> SUB-08-03-07_DEL-07-07.
HBA-ED048-00044,SRC-DEL-DEL-07-07-SOLVE-EXECUTION-UX-PROGRESS-CANCELLATION-AND-DIAGNOSTICS,ED048,44,"Open issue OI-07-07-001: exact job state enum, progress payload, and cancellation terminal states remain implementation-level TBD until the application-service contract is materialized.","@repo/execution/PKG-07_Graphical User Interface and Engineering Workflow/1_Working/DEL-07-07_Solve execution UX- progress, cancellation, and diagnostics/Guidance.md:L53|_Decomposition/source_review_html/SRC-DEL-DEL-07-07-SOLVE-EXECUTION-UX-PROGRESS-CANCELLATION-AND-DIAGNOSTICS.html#SEC-ED048-0016",fda9f0f4cf3a,IN,SEC-ED048-0016,UNIT-ED048-0001,,,CAT-008,PROPOSED_GATE3,SOURCE_ROUTING,HIGH,CAT-008:1,Assigned by G3BR-001: PKG-07 deliverable -> CAT-008.,KTY-08-03_Guidance,SUB-08-03-07_DEL-07-07,GATE3_CATEGORY_PROPOSAL;GATE4_KTY_PROPOSAL,FALSE,KTY-08-03_Guidance,SUB-08-03-07_DEL-07-07,ACCEPTED_GATE4,SOURCE_ROUTING,HIGH,SUB-08-03-07_DEL-07-07:1,Source-routing: doc/content-kind -> KTY-08-03_Guidance; unit -> SUB-08-03-07_DEL-07-07.
HBA-ED048-00045,SRC-DEL-DEL-07-07-SOLVE-EXECUTION-UX-PROGRESS-CANCELLATION-AND-DIAGNOSTICS,ED048,45,"Open issue OI-07-07-002: exact diagnostic filtering, grouping, and detail layout remain TBD until GUI design work is authorized.","@repo/execution/PKG-07_Graphical User Interface and Engineering Workflow/1_Working/DEL-07-07_Solve execution UX- progress, cancellation, and diagnostics/Guidance.md:L54|_Decomposition/source_review_html/SRC-DEL-DEL-07-07-SOLVE-EXECUTION-UX-PROGRESS-CANCELLATION-AND-DIAGNOSTICS.html#SEC-ED048-0016",4fbee5ded550,IN,SEC-ED048-0016,UNIT-ED048-0001,,,CAT-008,PROPOSED_GATE3,SOURCE_ROUTING,HIGH,CAT-008:1,Assigned by G3BR-001: PKG-07 deliverable -> CAT-008.,KTY-08-03_Guidance,SUB-08-03-07_DEL-07-07,GATE3_CATEGORY_PROPOSAL;GATE4_KTY_PROPOSAL,FALSE,KTY-08-03_Guidance,SUB-08-03-07_DEL-07-07,ACCEPTED_GATE4,SOURCE_ROUTING,HIGH,SUB-08-03-07_DEL-07-07:1,Source-routing: doc/content-kind -> KTY-08-03_Guidance; unit -> SUB-08-03-07_DEL-07-07.
HBA-ED048-00046,SRC-DEL-DEL-07-07-SOLVE-EXECUTION-UX-PROGRESS-CANCELLATION-AND-DIAGNOSTICS,ED048,46,Open issue OI-07-07-003: exact report/export handoff fields remain TBD until result export and report artifacts are implemented.,"@repo/execution/PKG-07_Graphical User Interface and Engineering Workflow/1_Working/DEL-07-07_Solve execution UX- progress, cancellation, and diagnostics/Guidance.md:L55|_Decomposition/source_review_html/SRC-DEL-DEL-07-07-SOLVE-EXECUTION-UX-PROGRESS-CANCELLATION-AND-DIAGNOSTICS.html#SEC-ED048-0016",e014e2bb275e,IN,SEC-ED048-0016,UNIT-ED048-0001,,,CAT-008,PROPOSED_GATE3,SOURCE_ROUTING,HIGH,CAT-008:1,Assigned by G3BR-001: PKG-07 deliverable -> CAT-008.,KTY-08-03_Guidance,SUB-08-03-07_DEL-07-07,GATE3_CATEGORY_PROPOSAL;GATE4_KTY_PROPOSAL,FALSE,KTY-08-03_Guidance,SUB-08-03-07_DEL-07-07,ACCEPTED_GATE4,SOURCE_ROUTING,HIGH,SUB-08-03-07_DEL-07-07:1,Source-routing: doc/content-kind -> KTY-08-03_Guidance; unit -> SUB-08-03-07_DEL-07-07.
HBA-ED048-00047,SRC-DEL-DEL-07-07-SOLVE-EXECUTION-UX-PROGRESS-CANCELLATION-AND-DIAGNOSTICS,ED048,47,No source conflicts were identified during DEL-07-07 setup.,"@repo/execution/PKG-07_Graphical User Interface and Engineering Workflow/1_Working/DEL-07-07_Solve execution UX- progress, cancellation, and diagnostics/Guidance.md:L61|_Decomposition/source_review_html/SRC-DEL-DEL-07-07-SOLVE-EXECUTION-UX-PROGRESS-CANCELLATION-AND-DIAGNOSTICS.html#SEC-ED048-0017",44a1d4f550cd,IN,SEC-ED048-0017,UNIT-ED048-0001,,,CAT-008,PROPOSED_GATE3,SOURCE_ROUTING,HIGH,CAT-008:1,Assigned by G3BR-001: PKG-07 deliverable -> CAT-008.,KTY-08-03_Guidance,SUB-08-03-07_DEL-07-07,GATE3_CATEGORY_PROPOSAL;GATE4_KTY_PROPOSAL,FALSE,KTY-08-03_Guidance,SUB-08-03-07_DEL-07-07,ACCEPTED_GATE4,SOURCE_ROUTING,HIGH,SUB-08-03-07_DEL-07-07:1,Source-routing: doc/content-kind -> KTY-08-03_Guidance; unit -> SUB-08-03-07_DEL-07-07.
HBA-ED048-00048,SRC-DEL-DEL-07-07-SOLVE-EXECUTION-UX-PROGRESS-CANCELLATION-AND-DIAGNOSTICS,ED048,48,The DEL-07-07 procedure records how to produce and later use the setup basis for the solve-execution UX deliverable; it is not a product implementation procedure.,"@repo/execution/PKG-07_Graphical User Interface and Engineering Workflow/1_Working/DEL-07-07_Solve execution UX- progress, cancellation, and diagnostics/Procedure.md:L5|_Decomposition/source_review_html/SRC-DEL-DEL-07-07-SOLVE-EXECUTION-UX-PROGRESS-CANCELLATION-AND-DIAGNOSTICS.html#SEC-ED048-0020",166f6368e45d,IN,SEC-ED048-0020,UNIT-ED048-0001,,,CAT-008,PROPOSED_GATE3,SOURCE_ROUTING,HIGH,CAT-008:1,Assigned by G3BR-001: PKG-07 deliverable -> CAT-008.,KTY-08-04_Procedure,SUB-08-04-07_DEL-07-07,GATE3_CATEGORY_PROPOSAL;GATE4_KTY_PROPOSAL,FALSE,KTY-08-04_Procedure,SUB-08-04-07_DEL-07-07,ACCEPTED_GATE4,SOURCE_ROUTING,HIGH,SUB-08-04-07_DEL-07-07:1,Source-routing: doc/content-kind -> KTY-08-04_Procedure; unit -> SUB-08-04-07_DEL-07-07.
HBA-ED048-00049,SRC-DEL-DEL-07-07-SOLVE-EXECUTION-UX-PROGRESS-CANCELLATION-AND-DIAGNOSTICS,ED048,49,Prerequisite: sealed deliverable context for DEL-07-07 is present in _CONTEXT.md.,"@repo/execution/PKG-07_Graphical User Interface and Engineering Workflow/1_Working/DEL-07-07_Solve execution UX- progress, cancellation, and diagnostics/Procedure.md:L11|_Decomposition/source_review_html/SRC-DEL-DEL-07-07-SOLVE-EXECUTION-UX-PROGRESS-CANCELLATION-AND-DIAGNOSTICS.html#SEC-ED048-0021",149a2fe92ce9,IN,SEC-ED048-0021,UNIT-ED048-0001,,,CAT-008,PROPOSED_GATE3,SOURCE_ROUTING,HIGH,CAT-008:1,Assigned by G3BR-001: PKG-07 deliverable -> CAT-008.,KTY-08-04_Procedure,SUB-08-04-07_DEL-07-07,GATE3_CATEGORY_PROPOSAL;GATE4_KTY_PROPOSAL,FALSE,KTY-08-04_Procedure,SUB-08-04-07_DEL-07-07,ACCEPTED_GATE4,SOURCE_ROUTING,HIGH,SUB-08-04-07_DEL-07-07:1,Source-routing: doc/content-kind -> KTY-08-04_Procedure; unit -> SUB-08-04-07_DEL-07-07.
HBA-ED048-00050,SRC-DEL-DEL-07-07-SOLVE-EXECUTION-UX-PROGRESS-CANCELLATION-AND-DIAGNOSTICS,ED048,50,"Prerequisite: governing invariants and stop rules are present in docs/CONTRACT.md, docs/DIRECTIVE.md, and INIT.md.","@repo/execution/PKG-07_Graphical User Interface and Engineering Workflow/1_Working/DEL-07-07_Solve execution UX- progress, cancellation, and diagnostics/Procedure.md:L12|_Decomposition/source_review_html/SRC-DEL-DEL-07-07-SOLVE-EXECUTION-UX-PROGRESS-CANCELLATION-AND-DIAGNOSTICS.html#SEC-ED048-0021",98ae0b0f21d6,IN,SEC-ED048-0021,UNIT-ED048-0001,,,CAT-008,PROPOSED_GATE3,SOURCE_ROUTING,HIGH,CAT-008:1,Assigned by G3BR-001: PKG-07 deliverable -> CAT-008.,KTY-08-04_Procedure,SUB-08-04-07_DEL-07-07,GATE3_CATEGORY_PROPOSAL;GATE4_KTY_PROPOSAL,FALSE,KTY-08-04_Procedure,SUB-08-04-07_DEL-07-07,ACCEPTED_GATE4,SOURCE_ROUTING,HIGH,SUB-08-04-07_DEL-07-07:1,Source-routing: doc/content-kind -> KTY-08-04_Procedure; unit -> SUB-08-04-07_DEL-07-07.
HBA-ED048-00051,SRC-DEL-DEL-07-07-SOLVE-EXECUTION-UX-PROGRESS-CANCELLATION-AND-DIAGNOSTICS,ED048,51,Prerequisite: command/job/cancellation/progress architecture basis is present in the DEL-00-03 specification and architecture-basis injection.,"@repo/execution/PKG-07_Graphical User Interface and Engineering Workflow/1_Working/DEL-07-07_Solve execution UX- progress, cancellation, and diagnostics/Procedure.md:L13|_Decomposition/source_review_html/SRC-DEL-DEL-07-07-SOLVE-EXECUTION-UX-PROGRESS-CANCELLATION-AND-DIAGNOSTICS.html#SEC-ED048-0021",7a4d5f4f0cdf,IN,SEC-ED048-0021,UNIT-ED048-0001,,,CAT-008,PROPOSED_GATE3,SOURCE_ROUTING,HIGH,CAT-008:1,Assigned by G3BR-001: PKG-07 deliverable -> CAT-008.,KTY-08-04_Procedure,SUB-08-04-07_DEL-07-07,GATE3_CATEGORY_PROPOSAL;GATE4_KTY_PROPOSAL,FALSE,KTY-08-04_Procedure,SUB-08-04-07_DEL-07-07,ACCEPTED_GATE4,SOURCE_ROUTING,HIGH,SUB-08-04-07_DEL-07-07:1,Source-routing: doc/content-kind -> KTY-08-04_Procedure; unit -> SUB-08-04-07_DEL-07-07.
HBA-ED048-00052,SRC-DEL-DEL-07-07-SOLVE-EXECUTION-UX-PROGRESS-CANCELLATION-AND-DIAGNOSTICS,ED048,52,Prerequisite: GUI transient job-progress state basis is present in the DEL-00-05 specification and architecture-basis injection.,"@repo/execution/PKG-07_Graphical User Interface and Engineering Workflow/1_Working/DEL-07-07_Solve execution UX- progress, cancellation, and diagnostics/Procedure.md:L14|_Decomposition/source_review_html/SRC-DEL-DEL-07-07-SOLVE-EXECUTION-UX-PROGRESS-CANCELLATION-AND-DIAGNOSTICS.html#SEC-ED048-0021",2b154c9b119d,IN,SEC-ED048-0021,UNIT-ED048-0001,,,CAT-008,PROPOSED_GATE3,SOURCE_ROUTING,HIGH,CAT-008:1,Assigned by G3BR-001: PKG-07 deliverable -> CAT-008.,KTY-08-04_Procedure,SUB-08-04-07_DEL-07-07,GATE3_CATEGORY_PROPOSAL;GATE4_KTY_PROPOSAL,FALSE,KTY-08-04_Procedure,SUB-08-04-07_DEL-07-07,ACCEPTED_GATE4,SOURCE_ROUTING,HIGH,SUB-08-04-07_DEL-07-07:1,Source-routing: doc/content-kind -> KTY-08-04_Procedure; unit -> SUB-08-04-07_DEL-07-07.
HBA-ED048-00053,SRC-DEL-DEL-07-07-SOLVE-EXECUTION-UX-PROGRESS-CANCELLATION-AND-DIAGNOSTICS,ED048,53,Prerequisite: diagnostics/result-envelope basis is present in the DEL-00-06 specification and architecture-basis injection.,"@repo/execution/PKG-07_Graphical User Interface and Engineering Workflow/1_Working/DEL-07-07_Solve execution UX- progress, cancellation, and diagnostics/Procedure.md:L15|_Decomposition/source_review_html/SRC-DEL-DEL-07-07-SOLVE-EXECUTION-UX-PROGRESS-CANCELLATION-AND-DIAGNOSTICS.html#SEC-ED048-0021",9a225442ea7b,IN,SEC-ED048-0021,UNIT-ED048-0001,,,CAT-008,PROPOSED_GATE3,SOURCE_ROUTING,HIGH,CAT-008:1,Assigned by G3BR-001: PKG-07 deliverable -> CAT-008.,KTY-08-04_Procedure,SUB-08-04-07_DEL-07-07,GATE3_CATEGORY_PROPOSAL;GATE4_KTY_PROPOSAL,FALSE,KTY-08-04_Procedure,SUB-08-04-07_DEL-07-07,ACCEPTED_GATE4,SOURCE_ROUTING,HIGH,SUB-08-04-07_DEL-07-07:1,Source-routing: doc/content-kind -> KTY-08-04_Procedure; unit -> SUB-08-04-07_DEL-07-07.
HBA-ED048-00054,SRC-DEL-DEL-07-07-SOLVE-EXECUTION-UX-PROGRESS-CANCELLATION-AND-DIAGNOSTICS,ED048,54,"Procedure step 1: confirm the deliverable scope by verifying Deliverable ID DEL-07-07, Package ID PKG-07, Scope Coverage SOW-055, and objectives OBJ-006 and OBJ-007 in _CONTEXT.md.","@repo/execution/PKG-07_Graphical User Interface and Engineering Workflow/1_Working/DEL-07-07_Solve execution UX- progress, cancellation, and diagnostics/Procedure.md:L20|_Decomposition/source_review_html/SRC-DEL-DEL-07-07-SOLVE-EXECUTION-UX-PROGRESS-CANCELLATION-AND-DIAGNOSTICS.html#SEC-ED048-0022",4f94bab84fa6,IN,SEC-ED048-0022,UNIT-ED048-0001,,,CAT-008,PROPOSED_GATE3,SOURCE_ROUTING,HIGH,CAT-008:1,Assigned by G3BR-001: PKG-07 deliverable -> CAT-008.,KTY-08-04_Procedure,SUB-08-04-07_DEL-07-07,GATE3_CATEGORY_PROPOSAL;GATE4_KTY_PROPOSAL,FALSE,KTY-08-04_Procedure,SUB-08-04-07_DEL-07-07,ACCEPTED_GATE4,SOURCE_ROUTING,HIGH,SUB-08-04-07_DEL-07-07:1,Source-routing: doc/content-kind -> KTY-08-04_Procedure; unit -> SUB-08-04-07_DEL-07-07.
HBA-ED048-00055,SRC-DEL-DEL-07-07-SOLVE-EXECUTION-UX-PROGRESS-CANCELLATION-AND-DIAGNOSTICS,ED048,55,"Procedure step 2: draft the four-document setup kit (Datasheet, Specification, Guidance, Procedure) at setup/specification level without creating GUI source, tests, schemas, job/solver implementation, manifests, repo-level docs, or issued artifacts.","@repo/execution/PKG-07_Graphical User Interface and Engineering Workflow/1_Working/DEL-07-07_Solve execution UX- progress, cancellation, and diagnostics/Procedure.md:L24|_Decomposition/source_review_html/SRC-DEL-DEL-07-07-SOLVE-EXECUTION-UX-PROGRESS-CANCELLATION-AND-DIAGNOSTICS.html#SEC-ED048-0022",9b422c4e9f11,IN,SEC-ED048-0022,UNIT-ED048-0001,,,CAT-008,PROPOSED_GATE3,SOURCE_ROUTING,HIGH,CAT-008:1,Assigned by G3BR-001: PKG-07 deliverable -> CAT-008.,KTY-08-04_Procedure,SUB-08-04-07_DEL-07-07,GATE3_CATEGORY_PROPOSAL;GATE4_KTY_PROPOSAL,FALSE,KTY-08-04_Procedure,SUB-08-04-07_DEL-07-07,ACCEPTED_GATE4,SOURCE_ROUTING,HIGH,SUB-08-04-07_DEL-07-07:1,Source-routing: doc/content-kind -> KTY-08-04_Procedure; unit -> SUB-08-04-07_DEL-07-07.
HBA-ED048-00056,SRC-DEL-DEL-07-07-SOLVE-EXECUTION-UX-PROGRESS-CANCELLATION-AND-DIAGNOSTICS,ED048,56,"Procedure step 3: apply architecture-basis constraints by routing solve launch through command/job boundaries, treating progress and cancellation as job-contract behavior, preserving diagnostic/result-envelope fields and warning classes, and separating mechanics-solved, rule-checked, and human-review-required states.","@repo/execution/PKG-07_Graphical User Interface and Engineering Workflow/1_Working/DEL-07-07_Solve execution UX- progress, cancellation, and diagnostics/Procedure.md:L29|_Decomposition/source_review_html/SRC-DEL-DEL-07-07-SOLVE-EXECUTION-UX-PROGRESS-CANCELLATION-AND-DIAGNOSTICS.html#SEC-ED048-0022",4d2622ebf834,IN,SEC-ED048-0022,UNIT-ED048-0001,,,CAT-008,PROPOSED_GATE3,SOURCE_ROUTING,HIGH,CAT-008:1,Assigned by G3BR-001: PKG-07 deliverable -> CAT-008.,KTY-08-04_Procedure,SUB-08-04-07_DEL-07-07,GATE3_CATEGORY_PROPOSAL;GATE4_KTY_PROPOSAL,FALSE,KTY-08-04_Procedure,SUB-08-04-07_DEL-07-07,ACCEPTED_GATE4,SOURCE_ROUTING,HIGH,SUB-08-04-07_DEL-07-07:1,Source-routing: doc/content-kind -> KTY-08-04_Procedure; unit -> SUB-08-04-07_DEL-07-07.
HBA-ED048-00057,SRC-DEL-DEL-07-07-SOLVE-EXECUTION-UX-PROGRESS-CANCELLATION-AND-DIAGNOSTICS,ED048,57,"Procedure step 4: preserve data and authority boundaries by excluding protected standards text, code tables, proprietary values, and private project data, marking unknown implementation details TBD, and avoiding certification/approval/sealing/code-compliance claims.","@repo/execution/PKG-07_Graphical User Interface and Engineering Workflow/1_Working/DEL-07-07_Solve execution UX- progress, cancellation, and diagnostics/Procedure.md:L35|_Decomposition/source_review_html/SRC-DEL-DEL-07-07-SOLVE-EXECUTION-UX-PROGRESS-CANCELLATION-AND-DIAGNOSTICS.html#SEC-ED048-0022",67217652ebc5,IN,SEC-ED048-0022,UNIT-ED048-0001,,,CAT-008,PROPOSED_GATE3,SOURCE_ROUTING,HIGH,CAT-008:1,Assigned by G3BR-001: PKG-07 deliverable -> CAT-008.,KTY-08-04_Procedure,SUB-08-04-07_DEL-07-07,GATE3_CATEGORY_PROPOSAL;GATE4_KTY_PROPOSAL,FALSE,KTY-08-04_Procedure,SUB-08-04-07_DEL-07-07,ACCEPTED_GATE4,SOURCE_ROUTING,HIGH,SUB-08-04-07_DEL-07-07:1,Source-routing: doc/content-kind -> KTY-08-04_Procedure; unit -> SUB-08-04-07_DEL-07-07.
HBA-ED048-00058,SRC-DEL-DEL-07-07-SOLVE-EXECUTION-UX-PROGRESS-CANCELLATION-AND-DIAGNOSTICS,ED048,58,"Procedure step 5: build semantic setup artifacts by generating _SEMANTIC.md as a lens (not authority) and _SEMANTIC_LENSING.md with complete matrix coverage, using lensing output only as a candidate worklist for consistency review.","@repo/execution/PKG-07_Graphical User Interface and Engineering Workflow/1_Working/DEL-07-07_Solve execution UX- progress, cancellation, and diagnostics/Procedure.md:L40|_Decomposition/source_review_html/SRC-DEL-DEL-07-07-SOLVE-EXECUTION-UX-PROGRESS-CANCELLATION-AND-DIAGNOSTICS.html#SEC-ED048-0022",342e1f6f3256,IN,SEC-ED048-0022,UNIT-ED048-0001,,,CAT-008,PROPOSED_GATE3,SOURCE_ROUTING,HIGH,CAT-008:1,Assigned by G3BR-001: PKG-07 deliverable -> CAT-008.,KTY-08-04_Procedure,SUB-08-04-07_DEL-07-07,GATE3_CATEGORY_PROPOSAL;GATE4_KTY_PROPOSAL,FALSE,KTY-08-04_Procedure,SUB-08-04-07_DEL-07-07,ACCEPTED_GATE4,SOURCE_ROUTING,HIGH,SUB-08-04-07_DEL-07-07:1,Source-routing: doc/content-kind -> KTY-08-04_Procedure; unit -> SUB-08-04-07_DEL-07-07.
HBA-ED048-00059,SRC-DEL-DEL-07-07-SOLVE-EXECUTION-UX-PROGRESS-CANCELLATION-AND-DIAGNOSTICS,ED048,59,"Procedure step 6: refresh dependency artifacts by creating/updating Dependencies.csv using v3.1 columns with evidence-linked anchors and execution/interface edges, and updating _DEPENDENCIES.md with counts, run notes, lifecycle summary, and handoff notes.","@repo/execution/PKG-07_Graphical User Interface and Engineering Workflow/1_Working/DEL-07-07_Solve execution UX- progress, cancellation, and diagnostics/Procedure.md:L45|_Decomposition/source_review_html/SRC-DEL-DEL-07-07-SOLVE-EXECUTION-UX-PROGRESS-CANCELLATION-AND-DIAGNOSTICS.html#SEC-ED048-0022",3156e25a6977,IN,SEC-ED048-0022,UNIT-ED048-0001,,,CAT-008,PROPOSED_GATE3,SOURCE_ROUTING,HIGH,CAT-008:1,Assigned by G3BR-001: PKG-07 deliverable -> CAT-008.,KTY-08-04_Procedure,SUB-08-04-07_DEL-07-07,GATE3_CATEGORY_PROPOSAL;GATE4_KTY_PROPOSAL,FALSE,KTY-08-04_Procedure,SUB-08-04-07_DEL-07-07,ACCEPTED_GATE4,SOURCE_ROUTING,HIGH,SUB-08-04-07_DEL-07-07:1,Source-routing: doc/content-kind -> KTY-08-04_Procedure; unit -> SUB-08-04-07_DEL-07-07.
HBA-ED048-00060,SRC-DEL-DEL-07-07-SOLVE-EXECUTION-UX-PROGRESS-CANCELLATION-AND-DIAGNOSTICS,ED048,60,"Procedure step 7: validate local setup gates by running dependency schema validation, confirming required setup files exist, confirming no writes occurred outside the deliverable folder, and confirming _STATUS.md remains at SEMANTIC_READY only if all setup gates pass.","@repo/execution/PKG-07_Graphical User Interface and Engineering Workflow/1_Working/DEL-07-07_Solve execution UX- progress, cancellation, and diagnostics/Procedure.md:L50|_Decomposition/source_review_html/SRC-DEL-DEL-07-07-SOLVE-EXECUTION-UX-PROGRESS-CANCELLATION-AND-DIAGNOSTICS.html#SEC-ED048-0022",2abd37596100,IN,SEC-ED048-0022,UNIT-ED048-0001,,,CAT-008,PROPOSED_GATE3,SOURCE_ROUTING,HIGH,CAT-008:1,Assigned by G3BR-001: PKG-07 deliverable -> CAT-008.,KTY-08-04_Procedure,SUB-08-04-07_DEL-07-07,GATE3_CATEGORY_PROPOSAL;GATE4_KTY_PROPOSAL,FALSE,KTY-08-04_Procedure,SUB-08-04-07_DEL-07-07,ACCEPTED_GATE4,SOURCE_ROUTING,HIGH,SUB-08-04-07_DEL-07-07:1,Source-routing: doc/content-kind -> KTY-08-04_Procedure; unit -> SUB-08-04-07_DEL-07-07.
HBA-ED048-00061,SRC-DEL-DEL-07-07-SOLVE-EXECUTION-UX-PROGRESS-CANCELLATION-AND-DIAGNOSTICS,ED048,61,"Verification: the four documents (Datasheet, Specification, Guidance, Procedure) must exist.","@repo/execution/PKG-07_Graphical User Interface and Engineering Workflow/1_Working/DEL-07-07_Solve execution UX- progress, cancellation, and diagnostics/Procedure.md:L60|_Decomposition/source_review_html/SRC-DEL-DEL-07-07-SOLVE-EXECUTION-UX-PROGRESS-CANCELLATION-AND-DIAGNOSTICS.html#SEC-ED048-0023",e7fbb2c21d14,IN,SEC-ED048-0023,UNIT-ED048-0001,,,CAT-008,PROPOSED_GATE3,SOURCE_ROUTING,HIGH,CAT-008:1,Assigned by G3BR-001: PKG-07 deliverable -> CAT-008.,KTY-08-04_Procedure,SUB-08-04-07_DEL-07-07,GATE3_CATEGORY_PROPOSAL;GATE4_KTY_PROPOSAL,FALSE,KTY-08-04_Procedure,SUB-08-04-07_DEL-07-07,ACCEPTED_GATE4,SOURCE_ROUTING,HIGH,SUB-08-04-07_DEL-07-07:1,Source-routing: doc/content-kind -> KTY-08-04_Procedure; unit -> SUB-08-04-07_DEL-07-07.
HBA-ED048-00062,SRC-DEL-DEL-07-07-SOLVE-EXECUTION-UX-PROGRESS-CANCELLATION-AND-DIAGNOSTICS,ED048,62,Verification: semantic artifacts _SEMANTIC.md and _SEMANTIC_LENSING.md must exist.,"@repo/execution/PKG-07_Graphical User Interface and Engineering Workflow/1_Working/DEL-07-07_Solve execution UX- progress, cancellation, and diagnostics/Procedure.md:L61|_Decomposition/source_review_html/SRC-DEL-DEL-07-07-SOLVE-EXECUTION-UX-PROGRESS-CANCELLATION-AND-DIAGNOSTICS.html#SEC-ED048-0023",46bf3acdddaf,IN,SEC-ED048-0023,UNIT-ED048-0001,,,CAT-008,PROPOSED_GATE3,SOURCE_ROUTING,HIGH,CAT-008:1,Assigned by G3BR-001: PKG-07 deliverable -> CAT-008.,KTY-08-04_Procedure,SUB-08-04-07_DEL-07-07,GATE3_CATEGORY_PROPOSAL;GATE4_KTY_PROPOSAL,FALSE,KTY-08-04_Procedure,SUB-08-04-07_DEL-07-07,ACCEPTED_GATE4,SOURCE_ROUTING,HIGH,SUB-08-04-07_DEL-07-07:1,Source-routing: doc/content-kind -> KTY-08-04_Procedure; unit -> SUB-08-04-07_DEL-07-07.
HBA-ED048-00063,SRC-DEL-DEL-07-07-SOLVE-EXECUTION-UX-PROGRESS-CANCELLATION-AND-DIAGNOSTICS,ED048,63,Verification: dependency artifacts Dependencies.csv and _DEPENDENCIES.md must exist.,"@repo/execution/PKG-07_Graphical User Interface and Engineering Workflow/1_Working/DEL-07-07_Solve execution UX- progress, cancellation, and diagnostics/Procedure.md:L62|_Decomposition/source_review_html/SRC-DEL-DEL-07-07-SOLVE-EXECUTION-UX-PROGRESS-CANCELLATION-AND-DIAGNOSTICS.html#SEC-ED048-0023",06c3ec0ab901,IN,SEC-ED048-0023,UNIT-ED048-0001,,,CAT-008,PROPOSED_GATE3,SOURCE_ROUTING,HIGH,CAT-008:1,Assigned by G3BR-001: PKG-07 deliverable -> CAT-008.,KTY-08-04_Procedure,SUB-08-04-07_DEL-07-07,GATE3_CATEGORY_PROPOSAL;GATE4_KTY_PROPOSAL,FALSE,KTY-08-04_Procedure,SUB-08-04-07_DEL-07-07,ACCEPTED_GATE4,SOURCE_ROUTING,HIGH,SUB-08-04-07_DEL-07-07:1,Source-routing: doc/content-kind -> KTY-08-04_Procedure; unit -> SUB-08-04-07_DEL-07-07.
HBA-ED048-00064,SRC-DEL-DEL-07-07-SOLVE-EXECUTION-UX-PROGRESS-CANCELLATION-AND-DIAGNOSTICS,ED048,64,Verification: validate_dependencies_schema.py must report a valid v3.1 schema.,"@repo/execution/PKG-07_Graphical User Interface and Engineering Workflow/1_Working/DEL-07-07_Solve execution UX- progress, cancellation, and diagnostics/Procedure.md:L63|_Decomposition/source_review_html/SRC-DEL-DEL-07-07-SOLVE-EXECUTION-UX-PROGRESS-CANCELLATION-AND-DIAGNOSTICS.html#SEC-ED048-0023",777bfcdff974,IN,SEC-ED048-0023,UNIT-ED048-0001,,,CAT-008,PROPOSED_GATE3,SOURCE_ROUTING,HIGH,CAT-008:1,Assigned by G3BR-001: PKG-07 deliverable -> CAT-008.,KTY-08-04_Procedure,SUB-08-04-07_DEL-07-07,GATE3_CATEGORY_PROPOSAL;GATE4_KTY_PROPOSAL,FALSE,KTY-08-04_Procedure,SUB-08-04-07_DEL-07-07,ACCEPTED_GATE4,SOURCE_ROUTING,HIGH,SUB-08-04-07_DEL-07-07:1,Source-routing: doc/content-kind -> KTY-08-04_Procedure; unit -> SUB-08-04-07_DEL-07-07.
HBA-ED048-00065,SRC-DEL-DEL-07-07-SOLVE-EXECUTION-UX-PROGRESS-CANCELLATION-AND-DIAGNOSTICS,ED048,65,"Verification: no protected standards/code text, copied tables, proprietary values, or certification claims may appear.","@repo/execution/PKG-07_Graphical User Interface and Engineering Workflow/1_Working/DEL-07-07_Solve execution UX- progress, cancellation, and diagnostics/Procedure.md:L64|_Decomposition/source_review_html/SRC-DEL-DEL-07-07-SOLVE-EXECUTION-UX-PROGRESS-CANCELLATION-AND-DIAGNOSTICS.html#SEC-ED048-0023",575c8ae5e618,IN,SEC-ED048-0023,UNIT-ED048-0001,,,CAT-008,PROPOSED_GATE3,SOURCE_ROUTING,HIGH,CAT-008:1,Assigned by G3BR-001: PKG-07 deliverable -> CAT-008.,KTY-08-04_Procedure,SUB-08-04-07_DEL-07-07,GATE3_CATEGORY_PROPOSAL;GATE4_KTY_PROPOSAL,FALSE,KTY-08-04_Procedure,SUB-08-04-07_DEL-07-07,ACCEPTED_GATE4,SOURCE_ROUTING,HIGH,SUB-08-04-07_DEL-07-07:1,Source-routing: doc/content-kind -> KTY-08-04_Procedure; unit -> SUB-08-04-07_DEL-07-07.
HBA-ED048-00066,SRC-DEL-DEL-07-07-SOLVE-EXECUTION-UX-PROGRESS-CANCELLATION-AND-DIAGNOSTICS,ED048,66,Verification: only DEL-07-07 deliverable-local files may be written (scope respected).,"@repo/execution/PKG-07_Graphical User Interface and Engineering Workflow/1_Working/DEL-07-07_Solve execution UX- progress, cancellation, and diagnostics/Procedure.md:L65|_Decomposition/source_review_html/SRC-DEL-DEL-07-07-SOLVE-EXECUTION-UX-PROGRESS-CANCELLATION-AND-DIAGNOSTICS.html#SEC-ED048-0023",587c6ccc9826,IN,SEC-ED048-0023,UNIT-ED048-0001,,,CAT-008,PROPOSED_GATE3,SOURCE_ROUTING,HIGH,CAT-008:1,Assigned by G3BR-001: PKG-07 deliverable -> CAT-008.,KTY-08-04_Procedure,SUB-08-04-07_DEL-07-07,GATE3_CATEGORY_PROPOSAL;GATE4_KTY_PROPOSAL,FALSE,KTY-08-04_Procedure,SUB-08-04-07_DEL-07-07,ACCEPTED_GATE4,SOURCE_ROUTING,HIGH,SUB-08-04-07_DEL-07-07:1,Source-routing: doc/content-kind -> KTY-08-04_Procedure; unit -> SUB-08-04-07_DEL-07-07.
HBA-ED048-00067,SRC-DEL-DEL-07-07-SOLVE-EXECUTION-UX-PROGRESS-CANCELLATION-AND-DIAGNOSTICS,ED048,67,Setup run records for DEL-07-07 are stored in _run_records/.,"@repo/execution/PKG-07_Graphical User Interface and Engineering Workflow/1_Working/DEL-07-07_Solve execution UX- progress, cancellation, and diagnostics/Procedure.md:L69|_Decomposition/source_review_html/SRC-DEL-DEL-07-07-SOLVE-EXECUTION-UX-PROGRESS-CANCELLATION-AND-DIAGNOSTICS.html#SEC-ED048-0024",a556680f0aa8,IN,SEC-ED048-0024,UNIT-ED048-0001,,,CAT-008,PROPOSED_GATE3,SOURCE_ROUTING,HIGH,CAT-008:1,Assigned by G3BR-001: PKG-07 deliverable -> CAT-008.,KTY-08-04_Procedure,SUB-08-04-07_DEL-07-07,GATE3_CATEGORY_PROPOSAL;GATE4_KTY_PROPOSAL,FALSE,KTY-08-04_Procedure,SUB-08-04-07_DEL-07-07,ACCEPTED_GATE4,SOURCE_ROUTING,HIGH,SUB-08-04-07_DEL-07-07:1,Source-routing: doc/content-kind -> KTY-08-04_Procedure; unit -> SUB-08-04-07_DEL-07-07.
HBA-ED048-00068,SRC-DEL-DEL-07-07-SOLVE-EXECUTION-UX-PROGRESS-CANCELLATION-AND-DIAGNOSTICS,ED048,68,"DEL-07-07 may be left at SEMANTIC_READY when all setup artifacts listed in Specification.md exist, dependency validation passes, semantic and lensing artifacts are present, no protected-data or certification boundary issue is found, no out-of-scope files were edited, and open implementation choices remain explicitly marked TBD rather than silently chosen.","@repo/execution/PKG-07_Graphical User Interface and Engineering Workflow/1_Working/DEL-07-07_Solve execution UX- progress, cancellation, and diagnostics/Procedure.md:L79|_Decomposition/source_review_html/SRC-DEL-DEL-07-07-SOLVE-EXECUTION-UX-PROGRESS-CANCELLATION-AND-DIAGNOSTICS.html#SEC-ED048-0025",c1225a223cb5,IN,SEC-ED048-0025,UNIT-ED048-0001,,,CAT-008,PROPOSED_GATE3,SOURCE_ROUTING,HIGH,CAT-008:1,Assigned by G3BR-001: PKG-07 deliverable -> CAT-008.,KTY-08-04_Procedure,SUB-08-04-07_DEL-07-07,GATE3_CATEGORY_PROPOSAL;GATE4_KTY_PROPOSAL,FALSE,KTY-08-04_Procedure,SUB-08-04-07_DEL-07-07,ACCEPTED_GATE4,SOURCE_ROUTING,HIGH,SUB-08-04-07_DEL-07-07:1,Source-routing: doc/content-kind -> KTY-08-04_Procedure; unit -> SUB-08-04-07_DEL-07-07.
HBA-ED048-00069,SRC-DEL-DEL-07-07-SOLVE-EXECUTION-UX-PROGRESS-CANCELLATION-AND-DIAGNOSTICS,ED048,69,"DEL-07-07 specifies the setup basis for a GUI solve-execution workflow that keeps background solve execution, progress display, cancellation, diagnostic logs, solver warnings, and result-envelope status reviewable.","@repo/execution/PKG-07_Graphical User Interface and Engineering Workflow/1_Working/DEL-07-07_Solve execution UX- progress, cancellation, and diagnostics/Specification.md:L5|_Decomposition/source_review_html/SRC-DEL-DEL-07-07-SOLVE-EXECUTION-UX-PROGRESS-CANCELLATION-AND-DIAGNOSTICS.html#SEC-ED048-0028",1bab3215a1f9,IN,SEC-ED048-0028,UNIT-ED048-0001,,,CAT-008,PROPOSED_GATE3,SOURCE_ROUTING,HIGH,CAT-008:1,Assigned by G3BR-001: PKG-07 deliverable -> CAT-008.,KTY-08-02_Specification,SUB-08-02-07_DEL-07-07,GATE3_CATEGORY_PROPOSAL;GATE4_KTY_PROPOSAL,FALSE,KTY-08-02_Specification,SUB-08-02-07_DEL-07-07,ACCEPTED_GATE4,SOURCE_ROUTING,HIGH,SUB-08-02-07_DEL-07-07:1,Source-routing: doc/content-kind -> KTY-08-02_Specification; unit -> SUB-08-02-07_DEL-07-07.
HBA-ED048-00070,SRC-DEL-DEL-07-07-SOLVE-EXECUTION-UX-PROGRESS-CANCELLATION-AND-DIAGNOSTICS,ED048,70,"The setup does not implement GUI source code, UI tests, schemas, application-service code, background job code, solver code, report/export code, package manifests, or protected engineering data; future implementation must consume PKG-00 contracts rather than inventing GUI product semantics.","@repo/execution/PKG-07_Graphical User Interface and Engineering Workflow/1_Working/DEL-07-07_Solve execution UX- progress, cancellation, and diagnostics/Specification.md:L7|_Decomposition/source_review_html/SRC-DEL-DEL-07-07-SOLVE-EXECUTION-UX-PROGRESS-CANCELLATION-AND-DIAGNOSTICS.html#SEC-ED048-0028",f8bf1fa0fd00,IN,SEC-ED048-0028,UNIT-ED048-0001,,,CAT-008,PROPOSED_GATE3,SOURCE_ROUTING,HIGH,CAT-008:1,Assigned by G3BR-001: PKG-07 deliverable -> CAT-008.,KTY-08-02_Specification,SUB-08-02-07_DEL-07-07,GATE3_CATEGORY_PROPOSAL;GATE4_KTY_PROPOSAL,FALSE,KTY-08-02_Specification,SUB-08-02-07_DEL-07-07,ACCEPTED_GATE4,SOURCE_ROUTING,HIGH,SUB-08-02-07_DEL-07-07:1,Source-routing: doc/content-kind -> KTY-08-02_Specification; unit -> SUB-08-02-07_DEL-07-07.
HBA-ED048-00071,SRC-DEL-DEL-07-07-SOLVE-EXECUTION-UX-PROGRESS-CANCELLATION-AND-DIAGNOSTICS,ED048,71,REQ-07-07-001: the solve UX shall initiate solve execution through an application-service command or job contract and shall not directly mutate domain-core or solver state from GUI components.,"@repo/execution/PKG-07_Graphical User Interface and Engineering Workflow/1_Working/DEL-07-07_Solve execution UX- progress, cancellation, and diagnostics/Specification.md:L13|_Decomposition/source_review_html/SRC-DEL-DEL-07-07-SOLVE-EXECUTION-UX-PROGRESS-CANCELLATION-AND-DIAGNOSTICS.html#SEC-ED048-0029",a56224ab80de,IN,SEC-ED048-0029,UNIT-ED048-0001,,,CAT-008,PROPOSED_GATE3,SOURCE_ROUTING,HIGH,CAT-008:1,Assigned by G3BR-001: PKG-07 deliverable -> CAT-008.,KTY-08-02_Specification,SUB-08-02-07_DEL-07-07,GATE3_CATEGORY_PROPOSAL;GATE4_KTY_PROPOSAL,FALSE,KTY-08-02_Specification,SUB-08-02-07_DEL-07-07,ACCEPTED_GATE4,SOURCE_ROUTING,HIGH,SUB-08-02-07_DEL-07-07:1,Source-routing: doc/content-kind -> KTY-08-02_Specification; unit -> SUB-08-02-07_DEL-07-07.
HBA-ED048-00072,SRC-DEL-DEL-07-07-SOLVE-EXECUTION-UX-PROGRESS-CANCELLATION-AND-DIAGNOSTICS,ED048,72,"REQ-07-07-002: the solve UX shall treat solve execution as a background job where cancellation, progress, and reproducibility metadata are provided by the service/job contract; exact progress phases, percentages, and event names remain TBD until the job contract fixes them.","@repo/execution/PKG-07_Graphical User Interface and Engineering Workflow/1_Working/DEL-07-07_Solve execution UX- progress, cancellation, and diagnostics/Specification.md:L14|_Decomposition/source_review_html/SRC-DEL-DEL-07-07-SOLVE-EXECUTION-UX-PROGRESS-CANCELLATION-AND-DIAGNOSTICS.html#SEC-ED048-0029",5252fc7cc645,IN,SEC-ED048-0029,UNIT-ED048-0001,,,CAT-008,PROPOSED_GATE3,SOURCE_ROUTING,HIGH,CAT-008:1,Assigned by G3BR-001: PKG-07 deliverable -> CAT-008.,KTY-08-02_Specification,SUB-08-02-07_DEL-07-07,GATE3_CATEGORY_PROPOSAL;GATE4_KTY_PROPOSAL,FALSE,KTY-08-02_Specification,SUB-08-02-07_DEL-07-07,ACCEPTED_GATE4,SOURCE_ROUTING,HIGH,SUB-08-02-07_DEL-07-07:1,Source-routing: doc/content-kind -> KTY-08-02_Specification; unit -> SUB-08-02-07_DEL-07-07.
HBA-ED048-00073,SRC-DEL-DEL-07-07-SOLVE-EXECUTION-UX-PROGRESS-CANCELLATION-AND-DIAGNOSTICS,ED048,73,"REQ-07-07-003: progress presentation shall display only service-reported states, phases, counts, or messages and shall not synthesize misleading completion percentages when the job contract does not supply them.","@repo/execution/PKG-07_Graphical User Interface and Engineering Workflow/1_Working/DEL-07-07_Solve execution UX- progress, cancellation, and diagnostics/Specification.md:L15|_Decomposition/source_review_html/SRC-DEL-DEL-07-07-SOLVE-EXECUTION-UX-PROGRESS-CANCELLATION-AND-DIAGNOSTICS.html#SEC-ED048-0029",a76fa77d017b,IN,SEC-ED048-0029,UNIT-ED048-0001,,,CAT-008,PROPOSED_GATE3,SOURCE_ROUTING,HIGH,CAT-008:1,Assigned by G3BR-001: PKG-07 deliverable -> CAT-008.,KTY-08-02_Specification,SUB-08-02-07_DEL-07-07,GATE3_CATEGORY_PROPOSAL;GATE4_KTY_PROPOSAL,FALSE,KTY-08-02_Specification,SUB-08-02-07_DEL-07-07,ACCEPTED_GATE4,SOURCE_ROUTING,HIGH,SUB-08-02-07_DEL-07-07:1,Source-routing: doc/content-kind -> KTY-08-02_Specification; unit -> SUB-08-02-07_DEL-07-07.
HBA-ED048-00074,SRC-DEL-DEL-07-07-SOLVE-EXECUTION-UX-PROGRESS-CANCELLATION-AND-DIAGNOSTICS,ED048,74,"REQ-07-07-004: cancellation controls shall issue a cancellation request through the application-service boundary, preserve the returned final job/result-envelope state, and shall not bypass cancellation boundaries or claim successful cancellation without envelope evidence.","@repo/execution/PKG-07_Graphical User Interface and Engineering Workflow/1_Working/DEL-07-07_Solve execution UX- progress, cancellation, and diagnostics/Specification.md:L16|_Decomposition/source_review_html/SRC-DEL-DEL-07-07-SOLVE-EXECUTION-UX-PROGRESS-CANCELLATION-AND-DIAGNOSTICS.html#SEC-ED048-0029",536e98923ed0,IN,SEC-ED048-0029,UNIT-ED048-0001,,,CAT-008,PROPOSED_GATE3,SOURCE_ROUTING,HIGH,CAT-008:1,Assigned by G3BR-001: PKG-07 deliverable -> CAT-008.,KTY-08-02_Specification,SUB-08-02-07_DEL-07-07,GATE3_CATEGORY_PROPOSAL;GATE4_KTY_PROPOSAL,FALSE,KTY-08-02_Specification,SUB-08-02-07_DEL-07-07,ACCEPTED_GATE4,SOURCE_ROUTING,HIGH,SUB-08-02-07_DEL-07-07:1,Source-routing: doc/content-kind -> KTY-08-02_Specification; unit -> SUB-08-02-07_DEL-07-07.
HBA-ED048-00075,SRC-DEL-DEL-07-07-SOLVE-EXECUTION-UX-PROGRESS-CANCELLATION-AND-DIAGNOSTICS,ED048,75,"REQ-07-07-005: diagnostic presentation shall preserve machine-readable diagnostic fields for code, class, severity, source, affected object, message, remediation, and provenance where supplied.","@repo/execution/PKG-07_Graphical User Interface and Engineering Workflow/1_Working/DEL-07-07_Solve execution UX- progress, cancellation, and diagnostics/Specification.md:L17|_Decomposition/source_review_html/SRC-DEL-DEL-07-07-SOLVE-EXECUTION-UX-PROGRESS-CANCELLATION-AND-DIAGNOSTICS.html#SEC-ED048-0029",ecd74da8cd8c,IN,SEC-ED048-0029,UNIT-ED048-0001,,,CAT-008,PROPOSED_GATE3,SOURCE_ROUTING,HIGH,CAT-008:1,Assigned by G3BR-001: PKG-07 deliverable -> CAT-008.,KTY-08-02_Specification,SUB-08-02-07_DEL-07-07,GATE3_CATEGORY_PROPOSAL;GATE4_KTY_PROPOSAL,FALSE,KTY-08-02_Specification,SUB-08-02-07_DEL-07-07,ACCEPTED_GATE4,SOURCE_ROUTING,HIGH,SUB-08-02-07_DEL-07-07:1,Source-routing: doc/content-kind -> KTY-08-02_Specification; unit -> SUB-08-02-07_DEL-07-07.
HBA-ED048-00076,SRC-DEL-DEL-07-07-SOLVE-EXECUTION-UX-PROGRESS-CANCELLATION-AND-DIAGNOSTICS,ED048,76,"REQ-07-07-006: the solve UX shall preserve warning classes SOLVE_BLOCKING, RULE_CHECK_BLOCKING, PROVENANCE_WARNING, ASSUMPTION_WARNING, NONLINEAR_WARNING, and IP_BOUNDARY_WARNING when present in diagnostics/result envelopes.","@repo/execution/PKG-07_Graphical User Interface and Engineering Workflow/1_Working/DEL-07-07_Solve execution UX- progress, cancellation, and diagnostics/Specification.md:L18|_Decomposition/source_review_html/SRC-DEL-DEL-07-07-SOLVE-EXECUTION-UX-PROGRESS-CANCELLATION-AND-DIAGNOSTICS.html#SEC-ED048-0029",f24e2e00fd1b,IN,SEC-ED048-0029,UNIT-ED048-0001,,,CAT-008,PROPOSED_GATE3,SOURCE_ROUTING,HIGH,CAT-008:1,Assigned by G3BR-001: PKG-07 deliverable -> CAT-008.,KTY-08-02_Specification,SUB-08-02-07_DEL-07-07,GATE3_CATEGORY_PROPOSAL;GATE4_KTY_PROPOSAL,FALSE,KTY-08-02_Specification,SUB-08-02-07_DEL-07-07,ACCEPTED_GATE4,SOURCE_ROUTING,HIGH,SUB-08-02-07_DEL-07-07:1,Source-routing: doc/content-kind -> KTY-08-02_Specification; unit -> SUB-08-02-07_DEL-07-07.
HBA-ED048-00077,SRC-DEL-DEL-07-07-SOLVE-EXECUTION-UX-PROGRESS-CANCELLATION-AND-DIAGNOSTICS,ED048,77,"REQ-07-07-007: the solve UX shall distinguish invalid input, incomplete model, mechanics solved, rule-check result, and human-review-needed states and shall not expose automatic code-compliance, certification, approval, sealing, or professional-authentication states.","@repo/execution/PKG-07_Graphical User Interface and Engineering Workflow/1_Working/DEL-07-07_Solve execution UX- progress, cancellation, and diagnostics/Specification.md:L19|_Decomposition/source_review_html/SRC-DEL-DEL-07-07-SOLVE-EXECUTION-UX-PROGRESS-CANCELLATION-AND-DIAGNOSTICS.html#SEC-ED048-0029",eb41d744c9aa,IN,SEC-ED048-0029,UNIT-ED048-0001,,,CAT-008,PROPOSED_GATE3,SOURCE_ROUTING,HIGH,CAT-008:1,Assigned by G3BR-001: PKG-07 deliverable -> CAT-008.,KTY-08-02_Specification,SUB-08-02-07_DEL-07-07,GATE3_CATEGORY_PROPOSAL;GATE4_KTY_PROPOSAL,FALSE,KTY-08-02_Specification,SUB-08-02-07_DEL-07-07,ACCEPTED_GATE4,SOURCE_ROUTING,HIGH,SUB-08-02-07_DEL-07-07:1,Source-routing: doc/content-kind -> KTY-08-02_Specification; unit -> SUB-08-02-07_DEL-07-07.
HBA-ED048-00078,SRC-DEL-DEL-07-07-SOLVE-EXECUTION-UX-PROGRESS-CANCELLATION-AND-DIAGNOSTICS,ED048,78,"REQ-07-07-008: solve-required missing data and rule-check-required missing data shall remain separate visible findings, and missing values shall not be supplied by the GUI as silent defaults.","@repo/execution/PKG-07_Graphical User Interface and Engineering Workflow/1_Working/DEL-07-07_Solve execution UX- progress, cancellation, and diagnostics/Specification.md:L20|_Decomposition/source_review_html/SRC-DEL-DEL-07-07-SOLVE-EXECUTION-UX-PROGRESS-CANCELLATION-AND-DIAGNOSTICS.html#SEC-ED048-0029",dcebf7c27bae,IN,SEC-ED048-0029,UNIT-ED048-0001,,,CAT-008,PROPOSED_GATE3,SOURCE_ROUTING,HIGH,CAT-008:1,Assigned by G3BR-001: PKG-07 deliverable -> CAT-008.,KTY-08-02_Specification,SUB-08-02-07_DEL-07-07,GATE3_CATEGORY_PROPOSAL;GATE4_KTY_PROPOSAL,FALSE,KTY-08-02_Specification,SUB-08-02-07_DEL-07-07,ACCEPTED_GATE4,SOURCE_ROUTING,HIGH,SUB-08-02-07_DEL-07-07:1,Source-routing: doc/content-kind -> KTY-08-02_Specification; unit -> SUB-08-02-07_DEL-07-07.
HBA-ED048-00079,SRC-DEL-DEL-07-07-SOLVE-EXECUTION-UX-PROGRESS-CANCELLATION-AND-DIAGNOSTICS,ED048,79,"REQ-07-07-009: any solve-run review summary intended for reports or exports shall retain traceability to available reproducibility metadata such as model hash, input manifest, solver version, rule-pack version/checksum, warnings, assumptions, and limitations.","@repo/execution/PKG-07_Graphical User Interface and Engineering Workflow/1_Working/DEL-07-07_Solve execution UX- progress, cancellation, and diagnostics/Specification.md:L21|_Decomposition/source_review_html/SRC-DEL-DEL-07-07-SOLVE-EXECUTION-UX-PROGRESS-CANCELLATION-AND-DIAGNOSTICS.html#SEC-ED048-0029",b060466e72ad,IN,SEC-ED048-0029,UNIT-ED048-0001,,,CAT-008,PROPOSED_GATE3,SOURCE_ROUTING,HIGH,CAT-008:1,Assigned by G3BR-001: PKG-07 deliverable -> CAT-008.,KTY-08-02_Specification,SUB-08-02-07_DEL-07-07,GATE3_CATEGORY_PROPOSAL;GATE4_KTY_PROPOSAL,FALSE,KTY-08-02_Specification,SUB-08-02-07_DEL-07-07,ACCEPTED_GATE4,SOURCE_ROUTING,HIGH,SUB-08-02-07_DEL-07-07:1,Source-routing: doc/content-kind -> KTY-08-02_Specification; unit -> SUB-08-02-07_DEL-07-07.
HBA-ED048-00080,SRC-DEL-DEL-07-07-SOLVE-EXECUTION-UX-PROGRESS-CANCELLATION-AND-DIAGNOSTICS,ED048,80,"REQ-07-07-010: private project data, private rule-pack data, proprietary values, and protected standards/code content shall not be transmitted, displayed as public defaults, or copied into public setup artifacts.","@repo/execution/PKG-07_Graphical User Interface and Engineering Workflow/1_Working/DEL-07-07_Solve execution UX- progress, cancellation, and diagnostics/Specification.md:L22|_Decomposition/source_review_html/SRC-DEL-DEL-07-07-SOLVE-EXECUTION-UX-PROGRESS-CANCELLATION-AND-DIAGNOSTICS.html#SEC-ED048-0029",6cc818ba0732,IN,SEC-ED048-0029,UNIT-ED048-0001,,,CAT-008,PROPOSED_GATE3,SOURCE_ROUTING,HIGH,CAT-008:1,Assigned by G3BR-001: PKG-07 deliverable -> CAT-008.,KTY-08-02_Specification,SUB-08-02-07_DEL-07-07,GATE3_CATEGORY_PROPOSAL;GATE4_KTY_PROPOSAL,FALSE,KTY-08-02_Specification,SUB-08-02-07_DEL-07-07,ACCEPTED_GATE4,SOURCE_ROUTING,HIGH,SUB-08-02-07_DEL-07-07:1,Source-routing: doc/content-kind -> KTY-08-02_Specification; unit -> SUB-08-02-07_DEL-07-07.
HBA-ED048-00081,SRC-DEL-DEL-07-07-SOLVE-EXECUTION-UX-PROGRESS-CANCELLATION-AND-DIAGNOSTICS,ED048,81,"REQ-07-07-011: future implementation evidence shall include UI tests or equivalent review evidence for background job state rendering, progress display, cancellation request/terminal-state handling, diagnostic filtering/detail review, and professional-boundary notices.","@repo/execution/PKG-07_Graphical User Interface and Engineering Workflow/1_Working/DEL-07-07_Solve execution UX- progress, cancellation, and diagnostics/Specification.md:L23|_Decomposition/source_review_html/SRC-DEL-DEL-07-07-SOLVE-EXECUTION-UX-PROGRESS-CANCELLATION-AND-DIAGNOSTICS.html#SEC-ED048-0029",f89af587ac0b,IN,SEC-ED048-0029,UNIT-ED048-0001,,,CAT-008,PROPOSED_GATE3,SOURCE_ROUTING,HIGH,CAT-008:1,Assigned by G3BR-001: PKG-07 deliverable -> CAT-008.,KTY-08-02_Specification,SUB-08-02-07_DEL-07-07,GATE3_CATEGORY_PROPOSAL;GATE4_KTY_PROPOSAL,FALSE,KTY-08-02_Specification,SUB-08-02-07_DEL-07-07,ACCEPTED_GATE4,SOURCE_ROUTING,HIGH,SUB-08-02-07_DEL-07-07:1,Source-routing: doc/content-kind -> KTY-08-02_Specification; unit -> SUB-08-02-07_DEL-07-07.
HBA-ED048-00082,SRC-DEL-DEL-07-07-SOLVE-EXECUTION-UX-PROGRESS-CANCELLATION-AND-DIAGNOSTICS,ED048,82,"No external engineering code or protected standards text is introduced by DEL-07-07; the controlling references are the OpenPipeStress governance, decomposition, register, and PKG-00 architecture-basis artifacts.","@repo/execution/PKG-07_Graphical User Interface and Engineering Workflow/1_Working/DEL-07-07_Solve execution UX- progress, cancellation, and diagnostics/Specification.md:L27|_Decomposition/source_review_html/SRC-DEL-DEL-07-07-SOLVE-EXECUTION-UX-PROGRESS-CANCELLATION-AND-DIAGNOSTICS.html#SEC-ED048-0030",a69e706a875e,IN,SEC-ED048-0030,UNIT-ED048-0001,,,CAT-008,PROPOSED_GATE3,SOURCE_ROUTING,HIGH,CAT-008:1,Assigned by G3BR-001: PKG-07 deliverable -> CAT-008.,KTY-08-02_Specification,SUB-08-02-07_DEL-07-07,GATE3_CATEGORY_PROPOSAL;GATE4_KTY_PROPOSAL,FALSE,KTY-08-02_Specification,SUB-08-02-07_DEL-07-07,ACCEPTED_GATE4,SOURCE_ROUTING,HIGH,SUB-08-02-07_DEL-07-07:1,Source-routing: doc/content-kind -> KTY-08-02_Specification; unit -> SUB-08-02-07_DEL-07-07.
HBA-ED048-00083,SRC-DEL-DEL-07-07-SOLVE-EXECUTION-UX-PROGRESS-CANCELLATION-AND-DIAGNOSTICS,ED048,83,"Any future code-specific acceptance criterion, stress limit, load-combination default, allowable, SIF/flexibility value, or proprietary component value must be supplied by a user-owned/private source with provenance and redistribution status; this GUI slice may display resulting diagnostics/statuses but must not define or certify code compliance.","@repo/execution/PKG-07_Graphical User Interface and Engineering Workflow/1_Working/DEL-07-07_Solve execution UX- progress, cancellation, and diagnostics/Specification.md:L29|_Decomposition/source_review_html/SRC-DEL-DEL-07-07-SOLVE-EXECUTION-UX-PROGRESS-CANCELLATION-AND-DIAGNOSTICS.html#SEC-ED048-0030",294d02d90572,IN,SEC-ED048-0030,UNIT-ED048-0001,,,CAT-008,PROPOSED_GATE3,SOURCE_ROUTING,HIGH,CAT-008:1,Assigned by G3BR-001: PKG-07 deliverable -> CAT-008.,KTY-08-02_Specification,SUB-08-02-07_DEL-07-07,GATE3_CATEGORY_PROPOSAL;GATE4_KTY_PROPOSAL,FALSE,KTY-08-02_Specification,SUB-08-02-07_DEL-07-07,ACCEPTED_GATE4,SOURCE_ROUTING,HIGH,SUB-08-02-07_DEL-07-07:1,Source-routing: doc/content-kind -> KTY-08-02_Specification; unit -> SUB-08-02-07_DEL-07-07.
HBA-ED048-00084,SRC-DEL-DEL-07-07-SOLVE-EXECUTION-UX-PROGRESS-CANCELLATION-AND-DIAGNOSTICS,ED048,84,VER-07-07-001 (document review): the four-document kit exists and matches DEL-07-07 scope.,"@repo/execution/PKG-07_Graphical User Interface and Engineering Workflow/1_Working/DEL-07-07_Solve execution UX- progress, cancellation, and diagnostics/Specification.md:L35|_Decomposition/source_review_html/SRC-DEL-DEL-07-07-SOLVE-EXECUTION-UX-PROGRESS-CANCELLATION-AND-DIAGNOSTICS.html#SEC-ED048-0031",3ac04b05dff3,IN,SEC-ED048-0031,UNIT-ED048-0001,,,CAT-008,PROPOSED_GATE3,SOURCE_ROUTING,HIGH,CAT-008:1,Assigned by G3BR-001: PKG-07 deliverable -> CAT-008.,KTY-08-02_Specification,SUB-08-02-07_DEL-07-07,GATE3_CATEGORY_PROPOSAL;GATE4_KTY_PROPOSAL,FALSE,KTY-08-02_Specification,SUB-08-02-07_DEL-07-07,ACCEPTED_GATE4,SOURCE_ROUTING,HIGH,SUB-08-02-07_DEL-07-07:1,Source-routing: doc/content-kind -> KTY-08-02_Specification; unit -> SUB-08-02-07_DEL-07-07.
HBA-ED048-00085,SRC-DEL-DEL-07-07-SOLVE-EXECUTION-UX-PROGRESS-CANCELLATION-AND-DIAGNOSTICS,ED048,85,"VER-07-07-002 (boundary review): no GUI source, tests, schemas, job/solver code, package manifests, repo-level docs, or ISSUED artifacts were edited.","@repo/execution/PKG-07_Graphical User Interface and Engineering Workflow/1_Working/DEL-07-07_Solve execution UX- progress, cancellation, and diagnostics/Specification.md:L36|_Decomposition/source_review_html/SRC-DEL-DEL-07-07-SOLVE-EXECUTION-UX-PROGRESS-CANCELLATION-AND-DIAGNOSTICS.html#SEC-ED048-0031",87533caa9bd0,IN,SEC-ED048-0031,UNIT-ED048-0001,,,CAT-008,PROPOSED_GATE3,SOURCE_ROUTING,HIGH,CAT-008:1,Assigned by G3BR-001: PKG-07 deliverable -> CAT-008.,KTY-08-02_Specification,SUB-08-02-07_DEL-07-07,GATE3_CATEGORY_PROPOSAL;GATE4_KTY_PROPOSAL,FALSE,KTY-08-02_Specification,SUB-08-02-07_DEL-07-07,ACCEPTED_GATE4,SOURCE_ROUTING,HIGH,SUB-08-02-07_DEL-07-07:1,Source-routing: doc/content-kind -> KTY-08-02_Specification; unit -> SUB-08-02-07_DEL-07-07.
HBA-ED048-00086,SRC-DEL-DEL-07-07-SOLVE-EXECUTION-UX-PROGRESS-CANCELLATION-AND-DIAGNOSTICS,ED048,86,"VER-07-07-003 (contract review): requirements explicitly route progress, cancellation, diagnostics, and result status through PKG-00 command/job and result-envelope contracts.","@repo/execution/PKG-07_Graphical User Interface and Engineering Workflow/1_Working/DEL-07-07_Solve execution UX- progress, cancellation, and diagnostics/Specification.md:L37|_Decomposition/source_review_html/SRC-DEL-DEL-07-07-SOLVE-EXECUTION-UX-PROGRESS-CANCELLATION-AND-DIAGNOSTICS.html#SEC-ED048-0031",f609f663d07a,IN,SEC-ED048-0031,UNIT-ED048-0001,,,CAT-008,PROPOSED_GATE3,SOURCE_ROUTING,HIGH,CAT-008:1,Assigned by G3BR-001: PKG-07 deliverable -> CAT-008.,KTY-08-02_Specification,SUB-08-02-07_DEL-07-07,GATE3_CATEGORY_PROPOSAL;GATE4_KTY_PROPOSAL,FALSE,KTY-08-02_Specification,SUB-08-02-07_DEL-07-07,ACCEPTED_GATE4,SOURCE_ROUTING,HIGH,SUB-08-02-07_DEL-07-07:1,Source-routing: doc/content-kind -> KTY-08-02_Specification; unit -> SUB-08-02-07_DEL-07-07.
HBA-ED048-00087,SRC-DEL-DEL-07-07-SOLVE-EXECUTION-UX-PROGRESS-CANCELLATION-AND-DIAGNOSTICS,ED048,87,"VER-07-07-004 (protected-content review): setup artifacts contain no protected standards text, proprietary engineering values, certification claims, or automatic code-compliance claims.","@repo/execution/PKG-07_Graphical User Interface and Engineering Workflow/1_Working/DEL-07-07_Solve execution UX- progress, cancellation, and diagnostics/Specification.md:L38|_Decomposition/source_review_html/SRC-DEL-DEL-07-07-SOLVE-EXECUTION-UX-PROGRESS-CANCELLATION-AND-DIAGNOSTICS.html#SEC-ED048-0031",1a948fe47cb1,IN,SEC-ED048-0031,UNIT-ED048-0001,,,CAT-008,PROPOSED_GATE3,SOURCE_ROUTING,HIGH,CAT-008:1,Assigned by G3BR-001: PKG-07 deliverable -> CAT-008.,KTY-08-02_Specification,SUB-08-02-07_DEL-07-07,GATE3_CATEGORY_PROPOSAL;GATE4_KTY_PROPOSAL,FALSE,KTY-08-02_Specification,SUB-08-02-07_DEL-07-07,ACCEPTED_GATE4,SOURCE_ROUTING,HIGH,SUB-08-02-07_DEL-07-07:1,Source-routing: doc/content-kind -> KTY-08-02_Specification; unit -> SUB-08-02-07_DEL-07-07.
HBA-ED048-00088,SRC-DEL-DEL-07-07-SOLVE-EXECUTION-UX-PROGRESS-CANCELLATION-AND-DIAGNOSTICS,ED048,88,VER-07-07-005 (semantic setup review): _SEMANTIC.md and _SEMANTIC_LENSING.md exist and provide complete lens coverage.,"@repo/execution/PKG-07_Graphical User Interface and Engineering Workflow/1_Working/DEL-07-07_Solve execution UX- progress, cancellation, and diagnostics/Specification.md:L39|_Decomposition/source_review_html/SRC-DEL-DEL-07-07-SOLVE-EXECUTION-UX-PROGRESS-CANCELLATION-AND-DIAGNOSTICS.html#SEC-ED048-0031",95c73c256c08,IN,SEC-ED048-0031,UNIT-ED048-0001,,,CAT-008,PROPOSED_GATE3,SOURCE_ROUTING,HIGH,CAT-008:1,Assigned by G3BR-001: PKG-07 deliverable -> CAT-008.,KTY-08-02_Specification,SUB-08-02-07_DEL-07-07,GATE3_CATEGORY_PROPOSAL;GATE4_KTY_PROPOSAL,FALSE,KTY-08-02_Specification,SUB-08-02-07_DEL-07-07,ACCEPTED_GATE4,SOURCE_ROUTING,HIGH,SUB-08-02-07_DEL-07-07:1,Source-routing: doc/content-kind -> KTY-08-02_Specification; unit -> SUB-08-02-07_DEL-07-07.
HBA-ED048-00089,SRC-DEL-DEL-07-07-SOLVE-EXECUTION-UX-PROGRESS-CANCELLATION-AND-DIAGNOSTICS,ED048,89,VER-07-07-006 (dependency-register validation): Dependencies.csv validates against the v3.1 schema and contains evidence-linked ACTIVE rows.,"@repo/execution/PKG-07_Graphical User Interface and Engineering Workflow/1_Working/DEL-07-07_Solve execution UX- progress, cancellation, and diagnostics/Specification.md:L40|_Decomposition/source_review_html/SRC-DEL-DEL-07-07-SOLVE-EXECUTION-UX-PROGRESS-CANCELLATION-AND-DIAGNOSTICS.html#SEC-ED048-0031",c8acd532a4f9,IN,SEC-ED048-0031,UNIT-ED048-0001,,,CAT-008,PROPOSED_GATE3,SOURCE_ROUTING,HIGH,CAT-008:1,Assigned by G3BR-001: PKG-07 deliverable -> CAT-008.,KTY-08-02_Specification,SUB-08-02-07_DEL-07-07,GATE3_CATEGORY_PROPOSAL;GATE4_KTY_PROPOSAL,FALSE,KTY-08-02_Specification,SUB-08-02-07_DEL-07-07,ACCEPTED_GATE4,SOURCE_ROUTING,HIGH,SUB-08-02-07_DEL-07-07:1,Source-routing: doc/content-kind -> KTY-08-02_Specification; unit -> SUB-08-02-07_DEL-07-07.
HBA-ED048-00090,SRC-DEL-DEL-07-07-SOLVE-EXECUTION-UX-PROGRESS-CANCELLATION-AND-DIAGNOSTICS,ED048,90,"VER-07-07-007 (future implementation test): UI test coverage for job launch state, progress, cancellation, diagnostics, blocked states, and report/export traceability remains TBD until implementation is authorized.","@repo/execution/PKG-07_Graphical User Interface and Engineering Workflow/1_Working/DEL-07-07_Solve execution UX- progress, cancellation, and diagnostics/Specification.md:L41|_Decomposition/source_review_html/SRC-DEL-DEL-07-07-SOLVE-EXECUTION-UX-PROGRESS-CANCELLATION-AND-DIAGNOSTICS.html#SEC-ED048-0031",3e3b5b82e249,IN,SEC-ED048-0031,UNIT-ED048-0001,,,CAT-008,PROPOSED_GATE3,SOURCE_ROUTING,HIGH,CAT-008:1,Assigned by G3BR-001: PKG-07 deliverable -> CAT-008.,KTY-08-02_Specification,SUB-08-02-07_DEL-07-07,GATE3_CATEGORY_PROPOSAL;GATE4_KTY_PROPOSAL,FALSE,KTY-08-02_Specification,SUB-08-02-07_DEL-07-07,ACCEPTED_GATE4,SOURCE_ROUTING,HIGH,SUB-08-02-07_DEL-07-07:1,Source-routing: doc/content-kind -> KTY-08-02_Specification; unit -> SUB-08-02-07_DEL-07-07.
HBA-ED048-00091,SRC-DEL-DEL-07-07-SOLVE-EXECUTION-UX-PROGRESS-CANCELLATION-AND-DIAGNOSTICS,ED048,91,"SEMANTIC_READY means the setup artifacts are prepared for review; it does not mean product implementation is complete, UI behavior tested, solver behavior verified, protected data authorized, code compliance established, or professional approval occurred.","@repo/execution/PKG-07_Graphical User Interface and Engineering Workflow/1_Working/DEL-07-07_Solve execution UX- progress, cancellation, and diagnostics/Specification.md:L60|_Decomposition/source_review_html/SRC-DEL-DEL-07-07-SOLVE-EXECUTION-UX-PROGRESS-CANCELLATION-AND-DIAGNOSTICS.html#SEC-ED048-0033",f2c0cd7c3ab0,IN,SEC-ED048-0033,UNIT-ED048-0001,,,CAT-008,PROPOSED_GATE3,SOURCE_ROUTING,HIGH,CAT-008:1,Assigned by G3BR-001: PKG-07 deliverable -> CAT-008.,KTY-08-02_Specification,SUB-08-02-07_DEL-07-07,GATE3_CATEGORY_PROPOSAL;GATE4_KTY_PROPOSAL,FALSE,KTY-08-02_Specification,SUB-08-02-07_DEL-07-07,ACCEPTED_GATE4,SOURCE_ROUTING,HIGH,SUB-08-02-07_DEL-07-07:1,Source-routing: doc/content-kind -> KTY-08-02_Specification; unit -> SUB-08-02-07_DEL-07-07.
