artifact	expected_sha256	live_sha256	isolated_sha256	verdict
Datasheet.md	7b1feff9cb3fd0f1b2ac375cad0c0606e36fd86cce8a803ac3b0b9f9a3db1d24	7b1feff9cb3fd0f1b2ac375cad0c0606e36fd86cce8a803ac3b0b9f9a3db1d24	7b1feff9cb3fd0f1b2ac375cad0c0606e36fd86cce8a803ac3b0b9f9a3db1d24	PASS
Specification.md	b01ecb97607d376b49ea86fa7a4b587d08cd272f7032a8cdcba8ae35ce765a35	b01ecb97607d376b49ea86fa7a4b587d08cd272f7032a8cdcba8ae35ce765a35	b01ecb97607d376b49ea86fa7a4b587d08cd272f7032a8cdcba8ae35ce765a35	PASS
Guidance.md	0478959cc4813fb27ff4cc467db6e57ebb300f88916ad819ee615a7c0c034216	0478959cc4813fb27ff4cc467db6e57ebb300f88916ad819ee615a7c0c034216	0478959cc4813fb27ff4cc467db6e57ebb300f88916ad819ee615a7c0c034216	PASS
Procedure.md	4484e1838eb4298396b60dc5321087dbc6ac0b748771b8869a63bd84f9a49fcf	4484e1838eb4298396b60dc5321087dbc6ac0b748771b8869a63bd84f9a49fcf	4484e1838eb4298396b60dc5321087dbc6ac0b748771b8869a63bd84f9a49fcf	PASS
_STATUS.md	9fe112d1fe13092d08c2026e61ce82f28e2f5f5cab351b80ecf3644fae555d6e	9fe112d1fe13092d08c2026e61ce82f28e2f5f5cab351b80ecf3644fae555d6e	9fe112d1fe13092d08c2026e61ce82f28e2f5f5cab351b80ecf3644fae555d6e	PASS
_CONTEXT.md	421ac0f8a0a523204336585e68b2d8008de8642288c40b11d9ef9a813b4d54aa	421ac0f8a0a523204336585e68b2d8008de8642288c40b11d9ef9a813b4d54aa	421ac0f8a0a523204336585e68b2d8008de8642288c40b11d9ef9a813b4d54aa	PASS
_REFERENCES.md	146a33c148194fe8a4b36adddff134606206bf22d41321112ecc2ad6b9d13d92	146a33c148194fe8a4b36adddff134606206bf22d41321112ecc2ad6b9d13d92	146a33c148194fe8a4b36adddff134606206bf22d41321112ecc2ad6b9d13d92	PASS
_DEPENDENCIES.md	138516ff541adc82eaf2690aaeda171aacf2647efe6434ffc6e44ec2c78da06c	138516ff541adc82eaf2690aaeda171aacf2647efe6434ffc6e44ec2c78da06c	138516ff541adc82eaf2690aaeda171aacf2647efe6434ffc6e44ec2c78da06c	PASS
Dependencies.csv	bed557bd3f97e29955966092a543796dcfdbfcd5ec84a92a7772db4fa8da0fa9	bed557bd3f97e29955966092a543796dcfdbfcd5ec84a92a7772db4fa8da0fa9	bed557bd3f97e29955966092a543796dcfdbfcd5ec84a92a7772db4fa8da0fa9	PASS
