path	sha256	bytes
execution/_Coordination/AgentRuns/SOW-STAGE2-EXEC-20260712-01/snapshots/W_A1/integration/postmerge/BASIS.md	6e0b0035e9752613b606aa5d872889152e12eee6c5eaafa9666a62cb45ec9fae	716
execution/_Coordination/AgentRuns/SOW-STAGE2-EXEC-20260712-01/snapshots/W_A1/integration/postmerge/CHECKS.md	52c05a66d69f35993bce3e80121ad0529899855ebadea6ffefdab8c20e00f052	1816
execution/_Coordination/AgentRuns/SOW-STAGE2-EXEC-20260712-01/snapshots/W_A1/integration/postmerge/HANDOFF_STATE.md	00e47d9d8719e5e8b6f704d69554e6c9a076d14eedf0f7236c46cdf8534256d4	1033
execution/_Coordination/AgentRuns/SOW-STAGE2-EXEC-20260712-01/snapshots/W_A1/integration/postmerge/POST_STATE_LEDGER.tsv	025bee55d057886a74c484ff4195e881c9705be8626573d00410d8ba748d0b39	2681
execution/_Coordination/AgentRuns/SOW-STAGE2-EXEC-20260712-01/snapshots/W_A1/integration/postmerge/PR_CHECKS.tsv	392c31052d9afa62ec7b0919774000fd3e328e9c27c45ceb847e25401edb8b49	304
execution/_Coordination/AgentRuns/SOW-STAGE2-EXEC-20260712-01/snapshots/W_A1/integration/postmerge/PR_COMMITS.tsv	ee06579817bb38c29ce0b244052e0bdeb3c3b911fcbf001fe2c0cd79377dc8ad	1383
execution/_Coordination/AgentRuns/SOW-STAGE2-EXEC-20260712-01/snapshots/W_A1/integration/postmerge/PR_PROJECT_PATHS_GITHUB.tsv	0956b2f35308690821a4ac45a4e17f44e2e6ae10b017a0d1c99439bdb9c7be28	12607
execution/_Coordination/AgentRuns/SOW-STAGE2-EXEC-20260712-01/snapshots/W_A1/integration/postmerge/REPLACEMENT_MANIFEST.tsv	a81f41ac97e0b9114b7ca6145811a70df89c0018453c2fae29211d3410b44bd0	18154
execution/_Coordination/AgentRuns/SOW-STAGE2-EXEC-20260712-01/snapshots/W_A1/integration/postmerge/ROLLBACK_MANIFEST.tsv	3570b94be0fa03163655cb1c4527e3937267752eefacfe1a6fe95f71fe0ff76e	18019
