"RegisterSchemaVersion","DependencyID","FromPackageID","FromDeliverableID","FromDeliverableName","DependencyClass","AnchorType","Direction","DependencyType","TargetType","TargetPackageID","TargetDeliverableID","TargetRefID","TargetName","TargetLocation","Statement","EvidenceFile","SourceRef","EvidenceQuote","Explicitness","RequiredMaturity","ProposedMaturity","SatisfactionStatus","Confidence","Origin","FirstSeen","LastSeen","Status","Notes"
"v3.1","DEP-103-01-001","PKG-103","DEL-103-01_scope-of-work","Scope of Work","ANCHOR","IMPLEMENTS_NODE","UPSTREAM","OTHER","WBS_NODE","","","SOW-0259","Scope Item SOW-0259 — Pipe Rack Modules (WBS 03)","/Users/ryan/ai-env/projects/chirality/projects/west-doe-combined/_Decomposition/PROJECT_DECOMP/_GateSnapshots/GATE-07_Final_Published_2026-05-24/SCOPE_LEDGER.csv","DEL-103-01 implements scope item SOW-0259 per SCOPE_LEDGER row 260 and DELIVERABLE_REGISTER row 584.","Datasheet.md","Datasheet.md § Identification (Covers Scope Item)","Covers Scope Item: SOW-0259.","EXPLICIT","INITIALIZED","INITIALIZED","TBD","HIGH","EXTRACTED","2026-05-26","2026-05-26","ACTIVE","FACT: SOW-0259 is the canonical scope item for PKG-103 per SCOPE_LEDGER row 260 and DELIVERABLE_REGISTER row 584."
"v3.1","DEP-103-01-002","PKG-103","DEL-103-01_scope-of-work","Scope of Work","ANCHOR","TRACES_TO_REQUIREMENT","UPSTREAM","OTHER","REQUIREMENT","","","OBJ-002","OBJ-002 — 03-25 compressor station and liquids hub scope","/Users/ryan/ai-env/projects/chirality/projects/west-doe-combined/_Decomposition/PROJECT_DECOMP/_GateSnapshots/GATE-07_Final_Published_2026-05-24/OBJECTIVE_REGISTER.csv","DEL-103-01 traces to OBJ-002 per DELIVERABLE_REGISTER row 584 Objectives column.","Datasheet.md","Datasheet.md § Identification (Supports Objectives)","Supports Objectives: OBJ-002.","EXPLICIT","INITIALIZED","INITIALIZED","TBD","HIGH","EXTRACTED","2026-05-26","2026-05-26","ACTIVE","FACT: OBJ-002 listed in DELIVERABLE_REGISTER row 584 Objectives column."
"v3.1","DEP-103-01-003","PKG-103","DEL-103-01_scope-of-work","Scope of Work","ANCHOR","TRACES_TO_REQUIREMENT","UPSTREAM","OTHER","REQUIREMENT","","","OBJ-005","OBJ-005 — Facility electrical power basis and electrical interfaces","/Users/ryan/ai-env/projects/chirality/projects/west-doe-combined/_Decomposition/PROJECT_DECOMP/_GateSnapshots/GATE-07_Final_Published_2026-05-24/OBJECTIVE_REGISTER.csv","DEL-103-01 traces to OBJ-005 per DELIVERABLE_REGISTER row 584 Objectives column.","Datasheet.md","Datasheet.md § Identification (Supports Objectives)","Supports Objectives: OBJ-005.","EXPLICIT","INITIALIZED","INITIALIZED","TBD","HIGH","EXTRACTED","2026-05-26","2026-05-26","ACTIVE","FACT: OBJ-005 listed in DELIVERABLE_REGISTER row 584 Objectives column."
"v3.1","DEP-103-01-004","PKG-103","DEL-103-01_scope-of-work","Scope of Work","ANCHOR","TRACES_TO_REQUIREMENT","UPSTREAM","OTHER","REQUIREMENT","","","OBJ-006","OBJ-006 — Controls instrumentation and communications interfaces","/Users/ryan/ai-env/projects/chirality/projects/west-doe-combined/_Decomposition/PROJECT_DECOMP/_GateSnapshots/GATE-07_Final_Published_2026-05-24/OBJECTIVE_REGISTER.csv","DEL-103-01 traces to OBJ-006 per DELIVERABLE_REGISTER row 584 Objectives column.","Datasheet.md","Datasheet.md § Identification (Supports Objectives)","Supports Objectives: OBJ-006.","EXPLICIT","INITIALIZED","INITIALIZED","TBD","HIGH","EXTRACTED","2026-05-26","2026-05-26","ACTIVE","FACT: OBJ-006 listed in DELIVERABLE_REGISTER row 584 Objectives column."
"v3.1","DEP-103-01-005","PKG-103","DEL-103-01_scope-of-work","Scope of Work","ANCHOR","TRACES_TO_REQUIREMENT","UPSTREAM","OTHER","REQUIREMENT","","","OBJ-007","OBJ-007 — Shared utilities and ancillary support systems","/Users/ryan/ai-env/projects/chirality/projects/west-doe-combined/_Decomposition/PROJECT_DECOMP/_GateSnapshots/GATE-07_Final_Published_2026-05-24/OBJECTIVE_REGISTER.csv","DEL-103-01 traces to OBJ-007 per DELIVERABLE_REGISTER row 584 Objectives column.","Datasheet.md","Datasheet.md § Identification (Supports Objectives)","Supports Objectives: OBJ-007.","EXPLICIT","INITIALIZED","INITIALIZED","TBD","HIGH","EXTRACTED","2026-05-26","2026-05-26","ACTIVE","FACT: OBJ-007 listed in DELIVERABLE_REGISTER row 584 Objectives column."
"v3.1","DEP-103-01-006","PKG-103","DEL-103-01_scope-of-work","Scope of Work","ANCHOR","TRACES_TO_REQUIREMENT","UPSTREAM","OTHER","REQUIREMENT","","","OBJ-008","OBJ-008 — Civil structural site foundations grading pipe rack scope","/Users/ryan/ai-env/projects/chirality/projects/west-doe-combined/_Decomposition/PROJECT_DECOMP/_GateSnapshots/GATE-07_Final_Published_2026-05-24/OBJECTIVE_REGISTER.csv","DEL-103-01 traces to OBJ-008 per DELIVERABLE_REGISTER row 584 Objectives column.","Datasheet.md","Datasheet.md § Identification (Supports Objectives)","Supports Objectives: OBJ-008.","EXPLICIT","INITIALIZED","INITIALIZED","TBD","HIGH","EXTRACTED","2026-05-26","2026-05-26","ACTIVE","FACT: OBJ-008 listed in DELIVERABLE_REGISTER row 584 Objectives column."
"v3.1","DEP-103-01-007","PKG-103","DEL-103-01_scope-of-work","Scope of Work","ANCHOR","TRACES_TO_REQUIREMENT","UPSTREAM","OTHER","REQUIREMENT","","","OBJ-009","OBJ-009 — Sour-service safety relief flare regulatory and codes requirements","/Users/ryan/ai-env/projects/chirality/projects/west-doe-combined/_Decomposition/PROJECT_DECOMP/_GateSnapshots/GATE-07_Final_Published_2026-05-24/OBJECTIVE_REGISTER.csv","DEL-103-01 traces to OBJ-009 per DELIVERABLE_REGISTER row 584 Objectives column.","Datasheet.md","Datasheet.md § Identification (Supports Objectives)","Supports Objectives: OBJ-009.","EXPLICIT","INITIALIZED","INITIALIZED","TBD","HIGH","EXTRACTED","2026-05-26","2026-05-26","ACTIVE","FACT: OBJ-009 listed in DELIVERABLE_REGISTER row 584 Objectives column. Relief/flare/vent piping is a recorded PKG-103 interface."
"v3.1","DEP-103-01-008","PKG-103","DEL-103-01_scope-of-work","Scope of Work","ANCHOR","TRACES_TO_REQUIREMENT","UPSTREAM","OTHER","REQUIREMENT","","","OBJ-010","OBJ-010 — Operability maintainability commissioning turnover and open-item closure","/Users/ryan/ai-env/projects/chirality/projects/west-doe-combined/_Decomposition/PROJECT_DECOMP/_GateSnapshots/GATE-07_Final_Published_2026-05-24/OBJECTIVE_REGISTER.csv","DEL-103-01 traces to OBJ-010 per DELIVERABLE_REGISTER row 584 Objectives column.","Datasheet.md","Datasheet.md § Identification (Supports Objectives)","Supports Objectives: OBJ-010.","EXPLICIT","INITIALIZED","INITIALIZED","TBD","HIGH","EXTRACTED","2026-05-26","2026-05-26","ACTIVE","FACT: OBJ-010 listed in DELIVERABLE_REGISTER row 584 Objectives column."
"v3.1","DEP-103-01-009","PKG-103","DEL-103-01_scope-of-work","Scope of Work","EXECUTION","NOT_APPLICABLE","UPSTREAM","PREREQUISITE","DOCUMENT","","","","Gate-07 PROJECT_DECOMP snapshot (PACKAGE_REGISTER DELIVERABLE_REGISTER SCOPE_LEDGER INTERFACE_REGISTER OBJECTIVE_REGISTER)","/Users/ryan/ai-env/projects/chirality/projects/west-doe-combined/_Decomposition/PROJECT_DECOMP/_GateSnapshots/GATE-07_Final_Published_2026-05-24/","Required decomposition registers must be open before drafting: PACKAGE_REGISTER row 104; DELIVERABLE_REGISTER rows 584-587; SCOPE_LEDGER row 260; INTERFACE_REGISTER rows 909-917; OBJECTIVE_REGISTER.","Procedure.md","Procedure.md § Prerequisites","Required references must be open before drafting.","EXPLICIT","INITIALIZED","INITIALIZED","TBD","HIGH","EXTRACTED","2026-05-26","2026-05-26","ACTIVE","FACT: Procedure.md Prerequisites section explicitly lists decomposition registers as required inputs before drafting can proceed."
"v3.1","DEP-103-01-010","PKG-103","DEL-103-01_scope-of-work","Scope of Work","EXECUTION","NOT_APPLICABLE","UPSTREAM","PREREQUISITE","DOCUMENT","","","","Final geotechnical report (project-specific)","location TBD — not in accessible sources","Final geotechnical report is required upstream of foundation design closure for rack supports; SoW must declare this dependency without consuming it.","Specification.md","Specification.md § Standards table (Geotechnical report row); Datasheet.md § Conditions (Foundation/support context)","Final geotechnical report required before foundation design closure.","EXPLICIT","INITIALIZED","INITIALIZED","PENDING","HIGH","EXTRACTED","2026-05-26","2026-05-26","ACTIVE","FACT: DBM-Comp_and_Liquids line 688 explicitly states geotechnical report required upstream of foundation design closure. SatisfactionStatus=PENDING as report not available in accessible sources."
"v3.1","DEP-103-01-011","PKG-103","DEL-103-01_scope-of-work","Scope of Work","EXECUTION","NOT_APPLICABLE","UPSTREAM","CONSTRAINT","DOCUMENT","","","","Hazardous area classification drawings (project-specific)","location TBD — not in accessible _Sources","SoW cannot assert final hazardous area classification for outdoor pipe racks without classification drawings; DBM default applies until drawings issued.","Specification.md","Specification.md § SPEC-103-01-R11; Guidance.md § Conflict Table CONF-103-01-02","Outdoor pipe racks general purpose non-hazardous unless classification drawings indicate otherwise.","EXPLICIT","INITIALIZED","INITIALIZED","PENDING","HIGH","EXTRACTED","2026-05-26","2026-05-26","ACTIVE","FACT: DBM-Comp_and_Liquids line 722 and CONF-103-01-02 state classification drawings are required to override the non-hazardous default. Drawings not in accessible sources."
"v3.1","DEP-103-01-012","PKG-103","DEL-103-01_scope-of-work","Scope of Work","EXECUTION","NOT_APPLICABLE","UPSTREAM","PREREQUISITE","DOCUMENT","","","","Plot plan / 3D model (project-specific)","location TBD — not in accessible _Sources","Rack-supported commodity list and tagged-equipment list cannot be finalised until plot plan/3D model is available.","Specification.md","Specification.md § SPEC-103-01-R08; SPEC-103-01-R13; Datasheet.md § Attributes (Tagged equipment list)","Rack-supported commodities to be confirmed against plot plan/model.","EXPLICIT","INITIALIZED","INITIALIZED","PENDING","HIGH","EXTRACTED","2026-05-26","2026-05-26","ACTIVE","FACT: PACKAGE_REGISTER row 104 note and SPEC-103-01-R08/R13 explicitly require plot plan/model confirmation before tagged-equipment list can be populated."
"v3.1","DEP-103-01-013","PKG-103","DEL-103-01_scope-of-work","Scope of Work","EXECUTION","NOT_APPLICABLE","DOWNSTREAM","ENABLES","DELIVERABLE","PKG-103","DEL-103-02_package-datasheet","","Package Datasheet — DEL-103-02","/Users/ryan/ai-env/projects/chirality/projects/west-doe-combined/PKG-103_Pipe-Rack-Modules/1_Working/DEL-103-02_package-datasheet_Package-Datasheet/","SoW (DEL-103-01) is the Gate 5 anchor record on which DEL-103-02 Package Datasheet builds for technical handoff.","Specification.md","Specification.md § SPEC-103-01-R14; Guidance.md § Purpose; Datasheet.md § Construction (Companion deliverables)","SoW must cross-reference DEL-103-02 Package Datasheet.","EXPLICIT","INITIALIZED","INITIALIZED","TBD","HIGH","EXTRACTED","2026-05-26","2026-05-26","ACTIVE","FACT: DELIVERABLE_REGISTER row 585 and SPEC-103-01-R14 explicitly establish DEL-103-02 as a sibling deliverable the SoW must cross-reference."
"v3.1","DEP-103-01-014","PKG-103","DEL-103-01_scope-of-work","Scope of Work","EXECUTION","NOT_APPLICABLE","DOWNSTREAM","ENABLES","DELIVERABLE","PKG-103","DEL-103-03_construction-work-package","","Construction Work Package — DEL-103-03","/Users/ryan/ai-env/projects/chirality/projects/west-doe-combined/PKG-103_Pipe-Rack-Modules/1_Working/DEL-103-03_construction-work-package_Construction-Work-Package/","SoW (DEL-103-01) defines the package scope and design-ownership record on which DEL-103-03 Construction Work Package is built.","Specification.md","Specification.md § SPEC-103-01-R14; Guidance.md § Considerations (Companion deliverables)","SoW must cross-reference DEL-103-03 Construction Work Package.","EXPLICIT","INITIALIZED","INITIALIZED","TBD","HIGH","EXTRACTED","2026-05-26","2026-05-26","ACTIVE","FACT: DELIVERABLE_REGISTER row 586 and SPEC-103-01-R14 explicitly identify DEL-103-03 as a sibling deliverable."
"v3.1","DEP-103-01-015","PKG-103","DEL-103-01_scope-of-work","Scope of Work","EXECUTION","NOT_APPLICABLE","DOWNSTREAM","ENABLES","DELIVERABLE","PKG-103","DEL-103-04_epc-structural-discipline-production-package","","EPC / Structural Discipline Production Package — DEL-103-04","/Users/ryan/ai-env/projects/chirality/projects/west-doe-combined/PKG-103_Pipe-Rack-Modules/1_Working/DEL-103-04_epc-civil-discipline-production-package_EPC-Civil-Discipline-Production-Package/","SoW (DEL-103-01) defines the EPC design-ownership record on which DEL-103-04 Discipline Production Package is built.","Specification.md","Specification.md § SPEC-103-01-R14; Datasheet.md § Construction (Companion deliverables)","SoW must cross-reference DEL-103-04 EPC/Structural Discipline Production Package.","EXPLICIT","INITIALIZED","INITIALIZED","TBD","HIGH","EXTRACTED","2026-05-26","2026-05-26","ACTIVE","FACT: DELIVERABLE_REGISTER row 587 and SPEC-103-01-R14 explicitly identify DEL-103-04 as a sibling deliverable."
